"ville";"departement";"ota";"coord.lat";"coord.lng"
"1";"Amberieu";"Ain";FALSE;45.958436;5.359556
"2";"Bellegarde";"Ain";FALSE;46.107599;5.826179
"3";"Belley";"Ain";FALSE;45.76096;5.686346
"4";"Bourg%20en%20bresse";"Ain";FALSE;46.2051675;5.2255007
"5";"Chatillon%2FChalaronne";"Ain";FALSE;46.1190875;4.9548183
"6";"Divonne";"Ain";FALSE;46.358168;6.13604
"7";"Ferney-voltaire";"Ain";FALSE;46.257632;6.108669
"8";"Gex";"Ain";FALSE;46.3341909;6.058036
"9";"Lagnieu";"Ain";FALSE;45.903996;5.3486269
"10";"Miribel";"Ain";FALSE;45.824508;4.954543
"11";"Montluel";"Ain";FALSE;45.8498919;5.056991
"12";"Nantua";"Ain";FALSE;46.153405;5.607762
"13";"Oyonnax";"Ain";FALSE;46.257773;5.655335
"14";"Saint-Genis-Pouilly";"Ain";FALSE;46.2437479;6.02513
"15";"Tenay";"Ain";FALSE;45.918236;5.509023
"16";"Pont%20de%20Vaux";"Ain";FALSE;46.430278;4.938149
"17";"Anizy%20le%20ch%C3%A2teau";"Aisne";FALSE;49.504504;3.451598
"18";"Beautor";"Aisne";FALSE;49.658641;3.344862
"19";"Braine";"Aisne";FALSE;49.341301;3.532218
"20";"Chateau-thierry";"Aisne";FALSE;49.0459869;3.40262
"21";"Chauny";"Aisne";FALSE;49.615576;3.219421
"22";"Fere%20en%20Tardenois";"Aisne";FALSE;49.2012325;3.5134759
"23";"Fresnoy-le-Grand";"Aisne";FALSE;49.946739;3.414825
"24";"Guise";"Aisne";FALSE;49.898014;3.625057
"25";"La%20Fere";"Aisne";FALSE;49.661256;3.367175
"26";"Laon";"Aisne";FALSE;49.564133;3.61989
"27";"Le%20Nouvion%20en%20Thierache";"Aisne";FALSE;50.0166169;3.784523
"28";"Neuilly%20st%20Front";"Aisne";FALSE;49.170921;3.262185
"29";"Saint-Quentin";"Aisne";FALSE;49.847066;3.2874
"30";"Sissonne";"Aisne";FALSE;49.572338;3.891315
"31";"Soissons";"Aisne";FALSE;49.376636;3.32342
"32";"Tergnier";"Aisne";FALSE;49.656252;3.291635
"33";"Villers%20Cotterets";"Aisne";FALSE;49.255061;3.0908159
"34";"Montcornet";"Aisne";FALSE;49.69513;4.015263
"35";"Quessy";"Aisne";FALSE;49.670707;3.301302
"36";"Rozoy";"Aisne";FALSE;49.709939;4.128431
"37";"La%20Capelle";"Aisne";FALSE;49.973507;3.916777
"38";"Bourbon%20l%27Archambault";"Allier";FALSE;46.584969;3.057632
"39";"Cerilly";"Allier";FALSE;46.6176;2.822083
"40";"Commentry";"Allier";FALSE;46.288875;2.741496
"41";"Cosne%20d%27Allier-%20Domerat";"Allier";FALSE;46.3609889;2.533002
"42";"Dompierre%20sur%20%20Besbre";"Allier";FALSE;46.5196759;3.679078
"43";"Gannat";"Allier";FALSE;46.100167;3.199103
"44";"Lapalisse";"Allier";FALSE;46.250194;3.639317
"45";"Le%20Mayet%20de%20Montagne";"Allier";FALSE;46.072624;3.667685
"46";"Montlu%C3%A7on";"Allier";FALSE;46.3415466;2.6019912
"47";"Montmarault";"Allier";FALSE;46.317409;2.9542989
"48";"Moulins";"Allier";FALSE;46.568059;3.334417
"49";"Saint%20Germain";"Allier";FALSE;46.408223;3.289771
"50";"Saint%20Pour%C3%A7ain%20sur%20Sioule";"Allier";FALSE;46.307204;3.288997
"51";"Souvigny";"Allier";FALSE;46.5339389;3.191994
"52";"Vallon%20en%20Sully";"Allier";FALSE;46.536386;2.606956
"53";"Varennes%20sur%20Alliers";"Allier";FALSE;46.3115552;3.4167655
"54";"Vichy";"Allier";FALSE;46.131859;3.425488
"55";"Yzeure";"Allier";FALSE;46.566314;3.354775
"56";"Barcelonnette";"Alpes-de-Haute-Provence";FALSE;44.3863;6.650463
"57";"Digne%20les%20Bains";"Alpes-de-Haute-Provence";FALSE;44.092193;6.235976
"58";"Forcalquier";"Alpes-de-Haute-Provence";FALSE;43.959933;5.780712
"59";"Les%20Mees";"Alpes-de-Haute-Provence";FALSE;44.028941;5.975404
"60";"Manosque";"Alpes-de-Haute-Provence";FALSE;43.835744;5.790916
"61";"Oraison";"Alpes-de-Haute-Provence";FALSE;43.914706;5.921487
"62";"Sisteron";"Alpes-de-Haute-Provence";FALSE;44.194713;5.943191
"63";"Aspres%20sur%20Bueche";"Hautes-Alpes";TRUE;44.523133;5.749486
"64";"Brian%C3%A7on";"Hautes-Alpes";TRUE;44.899416;6.643179
"65";"Embrun";"Hautes-Alpes";TRUE;44.564164;6.495865
"66";"Gap";"Hautes-Alpes";TRUE;44.559638;6.079758
"67";"Laragne%20Monteglin";"Hautes-Alpes";TRUE;44.315272;5.821642
"68";"Veynes";"Hautes-Alpes";TRUE;44.540798;5.825865
"69";"Antibes";"Alpes-Maritimes";FALSE;43.580418;7.125102
"70";"Cagnes%20sur%20Mer";"Alpes-Maritimes";FALSE;43.663739;7.14882
"71";"Cannes%20les%20Halles";"Alpes-Maritimes";FALSE;43.552213;7.011872
"72";"Cannes%20la%20Bocca";"Alpes-Maritimes";FALSE;43.5524738;6.9665476
"73";"Grasse";"Alpes-Maritimes";FALSE;43.660153;6.926492
"74";"Le%20Cannet";"Alpes-Maritimes";FALSE;43.576551;7.01902
"75";"Mandelieu";"Alpes-Maritimes";FALSE;43.546232;6.938309
"76";"Nice%20Dabray";"Alpes-Maritimes";FALSE;43.7080527;7.2569373
"77";"Nice%20Falicon";"Alpes-Maritimes";FALSE;43.7259724;7.255808
"78";"Nice%20Montel";"Alpes-Maritimes";FALSE;43.6737899;7.2084
"79";"Nice%20Verany";"Alpes-Maritimes";FALSE;43.7133876;7.2838417
"80";"Pegomas";"Alpes-Maritimes";FALSE;43.5963179;6.933415
"81";"Saint%20Laurent%20du%20Var";"Alpes-Maritimes";FALSE;43.673417;7.189811
"82";"Vence";"Alpes-Maritimes";FALSE;43.7223216;7.1117033
"83";"Les%20Vall%C3%A9es%20%28V%C3%A9subie%20Tin%C3%A9e%29%20-";"Alpes-Maritimes";FALSE;44.0616205;7.1383562
"84";"Annonay";"Ard%C3%A8che";FALSE;45.239403;4.667349
"85";"Aubenas";"Ard%C3%A8che";FALSE;44.620909;4.389863
"86";"Bourg%20St%20Andeol";"Ard%C3%A8che";FALSE;44.3691869;4.647069
"87";"Le%20Cheylard";"Ard%C3%A8che";FALSE;44.9061;4.423175
"88";"Largentiere";"Ard%C3%A8che";FALSE;44.541555;4.29251
"89";"La%20Voulte";"Ard%C3%A8che";FALSE;44.7996;4.780713
"90";"Flaviac";"Ard%C3%A8che";FALSE;44.747241;4.675999
"91";"Blagny";"Ardennes";FALSE;49.620191;5.190925
"92";"Carignan";"Ardennes";FALSE;49.632487;5.168674
"93";"Bogny%20sur%20Meuse";"Ardennes";FALSE;49.8550592;4.7473426
"94";"Charleville";"Ardennes";FALSE;49.7839086;4.6441195
"95";"Givet";"Ardennes";FALSE;50.136386;4.824387
"96";"Nouzonville";"Ardennes";FALSE;49.815569;4.744117
"97";"Rethel";"Ardennes";FALSE;49.5084965;4.3662756
"98";"Revin";"Ardennes";FALSE;49.941893;4.637199
"99";"Sedan";"Ardennes";FALSE;49.70349;4.93863
"100";"Vireux";"Ardennes";FALSE;50.086319;4.724539
"101";"Wallerand";"Ardennes";FALSE;50.08448;4.727663
"102";"Vrigne%20au%20Bois";"Ardennes";FALSE;49.73362;4.853623
"103";"Artigat";"Ari%C3%A8ge";FALSE;43.136117;1.439335
"104";"Ax-les-Thermes";"Ari%C3%A8ge";FALSE;42.720254;1.837545
"105";"Foix";"Ari%C3%A8ge";FALSE;42.964127;1.605232
"106";"La%20Bastide%20de%20Serou";"Ari%C3%A8ge";FALSE;43.012268;1.429069
"107";"La%20Velanet";"Ari%C3%A8ge";FALSE;42.937653;1.851472
"108";"Massat";"Ari%C3%A8ge";FALSE;42.888663;1.347818
"109";"Maz%C3%A8res";"Ari%C3%A8ge";FALSE;43.250484;1.67775
"110";"Mirepoix";"Ari%C3%A8ge";FALSE;43.088226;1.873725
"111";"Pamiers";"Ari%C3%A8ge";FALSE;43.114753;1.607953
"112";"Varilhes";"Ari%C3%A8ge";FALSE;43.045905;1.627787
"113";"St%20Girons";"Ari%C3%A8ge";FALSE;42.982876;1.146088
"114";"Saverdun";"Ari%C3%A8ge";FALSE;43.233683;1.575968
"115";"Tarascon";"Ari%C3%A8ge";FALSE;42.848524;1.604815
"116";"Bar%20sur%20aube";"Aube";FALSE;48.231209;4.707771
"117";"Chaource";"Aube";FALSE;48.056498;4.137442
"118";"La%20Chapelle%20St%20Luc";"Aube";FALSE;48.312011;4.047818
"119";"Mussy%20sur%20Seine";"Aube";FALSE;47.97939;4.498015
"120";"Nogent%20sur%20Seine";"Aube";FALSE;48.492624;3.498165
"121";"Romilly%20sur%20Seine";"Aube";FALSE;48.517732;3.726275
"122";"Bar%20sur%20Seine";"Aube";FALSE;48.114154;4.373386
"123";"Troyes%20Morin";"Aube";FALSE;48.3047633;4.0925202
"124";"Carcassonne";"Aude";FALSE;43.212161;2.353663
"125";"Castelnaudary";"Aude";FALSE;43.317118;1.95333
"126";"Chalabre";"Aude";FALSE;42.98137;2.006934
"127";"Cuxac";"Aude";FALSE;43.243983;2.998854
"128";"Cabardes";"Aude";FALSE;43.2556964;2.3652485
"129";"Esperaza";"Aude";FALSE;42.9291696;2.2149897
"130";"La%20Redorte";"Aude";FALSE;43.2511259;2.6540254
"131";"Lezignan-Corbieres";"Aude";FALSE;43.200503;2.7577759
"132";"Limoux";"Aude";FALSE;43.053289;2.218142
"133";"Narbonne";"Aude";FALSE;43.184277;3.003078
"134";"Port%20la%20Nouvelle";"Aude";FALSE;43.021342;3.043916
"135";"Quillan";"Aude";FALSE;42.875129;2.18546
"136";"Capdenac";"Aveyron";FALSE;44.580702;2.069588
"137";"Decazeville";"Aveyron";FALSE;44.560317;2.25183
"138";"Espalion";"Aveyron";FALSE;44.520564;2.761317
"139";"Millau";"Aveyron";FALSE;44.100575;3.077801
"140";"Rodez";"Aveyron";FALSE;44.349389;2.575986
"141";"St%20Affrique";"Aveyron";FALSE;43.95819;2.887126
"142";"Severac%20le%20Ch%C3%A2teau";"Aveyron";FALSE;44.322012;3.07105
"143";"Baraqueville";"Aveyron";FALSE;44.2779669;2.431974
"144";"Rieupeyroux%20St%20Geniez%20d%27Olt";"Aveyron";FALSE;44.46564;2.97257
"145";"Laguiole";"Aveyron";FALSE;44.683579;2.845605
"146";"Naucelle";"Aveyron";FALSE;44.19817;2.341865
"147";"Aix%20en%20provence";"Bouches-du-Rh%C3%B4ne";FALSE;43.529742;5.447427
"148";"Arles";"Bouches-du-Rh%C3%B4ne";FALSE;43.676647;4.6277769
"149";"Aubagne";"Bouches-du-Rh%C3%B4ne";FALSE;43.2926781;5.5676425
"150";"Auriol";"Bouches-du-Rh%C3%B4ne";FALSE;43.369174;5.631363
"151";"Bouc%20Bel%20Air";"Bouches-du-Rh%C3%B4ne";FALSE;43.451152;5.413875
"152";"Chateauneuf%20les%20Martigues";"Bouches-du-Rh%C3%B4ne";FALSE;43.38296;5.164636
"153";"Fos%20sur%20Mer";"Bouches-du-Rh%C3%B4ne";FALSE;43.437882;4.945711
"154";"Fuveau";"Bouches-du-Rh%C3%B4ne";FALSE;43.4537819;5.560919
"155";"Gardanne";"Bouches-du-Rh%C3%B4ne";FALSE;43.4525982;5.4717363
"156";"Gemenos";"Bouches-du-Rh%C3%B4ne";FALSE;43.295388;5.628112
"157";"Istres";"Bouches-du-Rh%C3%B4ne";FALSE;43.513006;4.987968
"158";"La%20Bouilladisse";"Bouches-du-Rh%C3%B4ne";FALSE;43.394132;5.593219
"159";"La%20Ciotat";"Bouches-du-Rh%C3%B4ne";FALSE;43.173653;5.605155
"160";"Marignane";"Bouches-du-Rh%C3%B4ne";FALSE;43.4212739;5.218332
"161";"Marseille";"Bouches-du-Rh%C3%B4ne";FALSE;43.3637514;5.3063193
"162";"Martigues";"Bouches-du-Rh%C3%B4ne";FALSE;43.404811;5.053728
"163";"Miramas";"Bouches-du-Rh%C3%B4ne";FALSE;43.588896;5.002136
"164";"Pelissanne";"Bouches-du-Rh%C3%B4ne";FALSE;43.631049;5.150567
"165";"Peyrolles";"Bouches-du-Rh%C3%B4ne";FALSE;43.648169;5.5836499
"166";"Port%20St%20Louis%20du%20Rh%C3%B4ne";"Bouches-du-Rh%C3%B4ne";FALSE;43.387847;4.803225
"167";"Rognac";"Bouches-du-Rh%C3%B4ne";FALSE;43.487871;5.23463
"168";"Roquevaire";"Bouches-du-Rh%C3%B4ne";FALSE;43.349537;5.603996
"169";"Saint%20Chamas";"Bouches-du-Rh%C3%B4ne";FALSE;43.550669;5.034508
"170";"Saint%20Martin%20de%20Crau";"Bouches-du-Rh%C3%B4ne";FALSE;43.638628;4.812107
"171";"SSaint%20R%C3%A9my%20de%20Provence";"Bouches-du-Rh%C3%B4ne";FALSE;43.788652;4.831343
"172";"Saint%20Victoret";"Bouches-du-Rh%C3%B4ne";FALSE;43.420234;5.236007
"173";"Salon";"Bouches-du-Rh%C3%B4ne";FALSE;43.6407013;5.0965059
"174";"Trest";"Bouches-du-Rh%C3%B4ne";FALSE;43.446909;5.6841549
"175";"Vitrolles";"Bouches-du-Rh%C3%B4ne";FALSE;43.458598;5.249703
"176";"Bayeux";"Calvados";FALSE;49.276437;-0.70314
"177";"Cabourg";"Calvados";FALSE;49.287981;-0.116292
"178";"Caen";"Calvados";FALSE;49.182863;-0.370679
"179";"Caumont%20l%27Evente";"Calvados";FALSE;49.0908609;-0.806386
"180";"Deauville";"Calvados";FALSE;49.353976;0.075122
"181";"Falaise";"Calvados";FALSE;48.893548;-0.201956
"182";"Herouville%20St%20Clair";"Calvados";FALSE;49.20358;-0.333655
"183";"Bonfleur";"Calvados";FALSE;49.418762;0.233262
"184";"Ifs";"Calvados";FALSE;49.140254;-0.350503
"185";"Isigny-Sur-Mer";"Calvados";FALSE;49.320257;-1.102929
"186";"Lisieux";"Calvados";FALSE;49.145922;0.227849
"187";"Mezidon";"Calvados";FALSE;49.0668095;0.0650337
"188";"Mondeville";"Calvados";FALSE;49.176963;-0.319769
"189";"St%20Pierre%20sur%20Dives";"Calvados";FALSE;49.0178749;-0.031555
"190";"St%20Remy";"Calvados";FALSE;48.939314;-0.50342
"191";"Villers-Bocage";"Calvados";FALSE;49.080522;-0.655118
"192";"Vire";"Calvados";FALSE;48.837781;-0.888482
"193";"Aurillac";"Cantal";FALSE;44.930953;2.444997
"194";"St%20Flour";"Cantal";FALSE;45.033026;3.094862
"195";"Massiac";"Cantal";FALSE;45.250053;3.199649
"196";"Mauriac";"Cantal";FALSE;45.2199787;2.3366114
"197";"Maurs";"Cantal";FALSE;44.711069;2.198335
"198";"Murat";"Cantal";FALSE;45.1106539;2.86973
"199";"Ydes";"Cantal";FALSE;45.34714;2.437323
"200";"Angoul%C3%AAme";"Charente";FALSE;45.648377;0.1562369
"201";"Barbezieux";"Charente";FALSE;45.472672;-0.151727
"202";"Chabanais";"Charente";FALSE;45.876375;0.719759
"203";"Chalais";"Charente";FALSE;45.272855;0.039542
"204";"Chasseneuil";"Charente";FALSE;45.824163;0.449541
"205";"Chateauneuf";"Charente";FALSE;45.599992;-0.05472
"206";"Cognac";"Charente";FALSE;45.691046;-0.328744
"207";"Confolens";"Charente";FALSE;46.014054;0.668317
"208";"Jarnac";"Charente";FALSE;45.681389;-0.1739169
"209";"La%20Couronne";"Charente";FALSE;45.608466;0.101397
"210";"La%20Rochefoucauld";"Charente";FALSE;45.738137;0.38579
"211";"Le%20Gond%20Pontouvre";"Charente";FALSE;45.687676;0.178453
"212";"Mansle";"Charente";FALSE;45.876469;0.180265
"213";"Montbron";"Charente";FALSE;45.666848;0.49889
"214";"Ruffec";"Charente";FALSE;46.028559;0.199339
"215";"Soyaux%20%28nouvelle%20ad%3A%20Centre%20commercial%20Champs%20de%20Manoeuvre";"Charente";FALSE;45.7519958;0.1534761
"216";"Bd%20L%C3%A9on%20Blum%29";"Charente";FALSE;45.648066;0.1853499
"217";"Dolus%20d%27Oleron";"Charente-Maritime";FALSE;45.91142;-1.252994
"218";"La%20Tremblade";"Charente-Maritime";FALSE;45.770455;-1.140335
"219";"Marans";"Charente-Maritime";FALSE;46.309462;-0.992865
"220";"St%20Jean%20d%27Angely";"Charente-Maritime";FALSE;45.944823;-0.517763
"221";"St%20Martin%20de%20Re";"Charente-Maritime";FALSE;46.203401;-1.367376
"222";"Vaux%20sur%20Mer";"Charente-Maritime";FALSE;45.645123;-1.060334
"223";"Jonzac";"Charente-Maritime";TRUE;45.445368;-0.431058
"224";"La%20Rochelle";"Charente-Maritime";TRUE;46.160329;-1.151139
"225";"Luche";"Charente-Maritime";TRUE;46.25284;-0.889219
"226";"Marans";"Charente-Maritime";TRUE;46.309462;-0.992865
"227";"Pons";"Charente-Maritime";TRUE;45.578107;-0.5469889
"228";"Rochefort";"Charente-Maritime";TRUE;45.936698;-0.961697
"229";"Royan";"Charente-Maritime";TRUE;45.623027;-1.043182
"230";"St%20Georges%20de%20Didonne";"Charente-Maritime";TRUE;45.602716;-0.997838
"231";"St%20Martin%20de%20Re";"Charente-Maritime";TRUE;46.203401;-1.367376
"232";"Saintes";"Charente-Maritime";TRUE;45.744175;-0.633389
"233";"Simonneau";"Charente-Maritime";TRUE;45.32768;-0.553379
"234";"Saujon";"Charente-Maritime";TRUE;45.672361;-0.926507
"235";"Surgeres";"Charente-Maritime";TRUE;46.104913;-0.751411
"236";"Vaux%20sur%20Mer";"Charente-Maritime";TRUE;45.645123;-1.060334
"237";"Aubigny%20sur%20Nere";"Cher";FALSE;47.488779;2.440923
"238";"Bourges";"Cher";FALSE;47.081012;2.398782
"239";"St%20Amand%20Montrond";"Cher";FALSE;46.7254859;2.505604
"240";"St%20Florent";"Cher";FALSE;46.9940969;2.244033
"241";"Sancoins";"Cher";FALSE;46.831017;2.919734
"242";"Vierzon";"Cher";FALSE;47.221438;2.069791
"243";"Beaulieu-%20Neuvic";"Corr%C3%A8ze";FALSE;45.382449;2.272544
"244";"Pompadour";"Corr%C3%A8ze";FALSE;45.4349932;1.3948994
"245";"Saint%20Pantaleon";"Corr%C3%A8ze";FALSE;45.14061;1.446773
"246";"Argentat";"Corr%C3%A8ze";TRUE;45.093356;1.93755
"247";"Bort";"Corr%C3%A8ze";TRUE;45.400996;2.495397
"248";"Brive%20la%20Gaillarde";"Corr%C3%A8ze";TRUE;45.159555;1.533937
"249";"Egletons";"Corr%C3%A8ze";TRUE;45.406018;2.0463779
"250";"Malemort";"Corr%C3%A8ze";TRUE;45.169889;1.564005
"251";"Marcillac";"Corr%C3%A8ze";TRUE;45.273478;2.031643
"252";"Meyac";"Corr%C3%A8ze";TRUE;45.5367;2.1465519
"253";"Objat";"Corr%C3%A8ze";TRUE;45.264093;1.409581
"254";"Treignac";"Corr%C3%A8ze";TRUE;45.535827;1.795097
"255";"Tulle";"Corr%C3%A8ze";TRUE;45.26565;1.771697
"256";"Ussel";"Corr%C3%A8ze";TRUE;45.548905;2.313835
"257";"Uzerche";"Corr%C3%A8ze";TRUE;45.424066;1.563457
"258";"Bastia";"Corse";FALSE;42.697283;9.450881
"259";"Calvie";"Corse";FALSE;42.567651;8.757222
"260";"Ghisonaccia";"Corse";FALSE;42.016837;9.403981
"261";"Vanga%20di%20l%27Oru";"Corse";FALSE;42.352388;9.535097
"262";"Corte";"Corse";FALSE;42.2918623;9.1896607
"263";"Chatillon%20sur%20Seine";"C%C3%B4te-d%27Or";FALSE;47.860455;4.573714
"264";"Pontailler%20sur%20Sa%C3%B4ne";"C%C3%B4te-d%27Or";FALSE;47.304937;5.415417
"265";"St%20Jean%20de%20Losne";"C%C3%B4te-d%27Or";FALSE;47.102266;5.262806
"266";"Saulieu";"C%C3%B4te-d%27Or";FALSE;47.279494;4.22868
"267";"Selongey";"C%C3%B4te-d%27Or";FALSE;47.587414;5.186164
"268";"Sombernon";"C%C3%B4te-d%27Or";FALSE;47.307483;4.706632
"269";"Venaray%20les%20Laumes";"C%C3%B4te-d%27Or";FALSE;47.542492;4.448031
"270";"Arnay%20le%20Duc";"C%C3%B4te-d%27Or";TRUE;47.130623;4.485898
"271";"Auxonne";"C%C3%B4te-d%27Or";TRUE;47.193543;5.388925
"272";"Beaune";"C%C3%B4te-d%27Or";TRUE;47.02603;4.840004
"273";"Dijon";"C%C3%B4te-d%27Or";TRUE;47.322047;5.04148
"274";"Dijon%20Reggio";"C%C3%B4te-d%27Or";TRUE;47.338799;5.067956
"275";"Dijon%20Chevreul";"C%C3%B4te-d%27Or";TRUE;47.3075165;5.0425506
"276";"Dijon%20Parmentier";"C%C3%B4te-d%27Or";TRUE;47.3285804;5.0474664
"277";"Genlis";"C%C3%B4te-d%27Or";TRUE;47.23887;5.223501
"278";"Is%20sur%20tille";"C%C3%B4te-d%27Or";TRUE;47.521958;5.112544
"279";"Mirebeau%20sur%20Beze";"C%C3%B4te-d%27Or";TRUE;47.398675;5.3167669
"280";"Montbrard";"C%C3%B4te-d%27Or";TRUE;47.624329;4.337495
"281";"Nuits%20St%20Georges";"C%C3%B4te-d%27Or";TRUE;47.137985;4.9503199
"282";"Pouilly%20en%20Auxois";"C%C3%B4te-d%27Or";TRUE;47.262495;4.556286
"283";"Saulieu";"C%C3%B4te-d%27Or";TRUE;47.279494;4.22868
"284";"Semur%20en%20Auxois";"C%C3%B4te-d%27Or";TRUE;47.490238;4.33234
"285";"Seurre";"C%C3%B4te-d%27Or";TRUE;46.999317;5.145516
"286";"Thomirey";"C%C3%B4te-d%27Or";TRUE;47.081607;4.590625
"287";"Vitteaux";"C%C3%B4te-d%27Or";TRUE;47.399533;4.539693
"288";"Corlay";"C%C3%B4tes-d%27Armor";FALSE;48.318168;-3.05861
"289";"Dinan";"C%C3%B4tes-d%27Armor";FALSE;48.454366;-2.047327
"290";"Etables-Sur-Mer";"C%C3%B4tes-d%27Armor";FALSE;48.626757;-2.835582
"291";"Guingamp";"C%C3%B4tes-d%27Armor";FALSE;48.561366;-3.148352
"292";"Lamballe";"C%C3%B4tes-d%27Armor";FALSE;48.468637;-2.517322
"293";"Lannion";"C%C3%B4tes-d%27Armor";FALSE;48.732084;-3.459144
"294";"Loudeac";"C%C3%B4tes-d%27Armor";FALSE;48.176274;-2.752021
"295";"Matignon";"C%C3%B4tes-d%27Armor";FALSE;48.595815;-2.2936899
"296";"Merdrignac";"C%C3%B4tes-d%27Armor";FALSE;48.190983;-2.410899
"297";"Paimpol";"C%C3%B4tes-d%27Armor";FALSE;48.779782;-3.048828
"298";"Rostronen";"C%C3%B4tes-d%27Armor";FALSE;48.235447;-3.318145
"299";"St%20Brieuc";"C%C3%B4tes-d%27Armor";FALSE;48.51418;-2.765835
"300";"Treguier";"C%C3%B4tes-d%27Armor";FALSE;48.7875439;-3.2307769
"301";"Aubusson";"Creuse";FALSE;45.95409;2.1689379
"302";"Auzances";"Creuse";FALSE;46.025111;2.500712
"303";"B%C3%A9n%C3%A9vent%20l%27Abbaye";"Creuse";FALSE;46.117899;1.628622
"304";"Bourganeuf";"Creuse";FALSE;45.954005;1.756199
"305";"Boussac";"Creuse";FALSE;46.348054;2.213945
"306";"Chambon%20sur%20Voueize";"Creuse";FALSE;46.188803;2.426352
"307";"Clugnat";"Creuse";FALSE;46.30773;2.116362
"308";"Crocq";"Creuse";FALSE;45.868211;2.367235
"309";"Dun%20le%20Palestel";"Creuse";FALSE;46.30531;1.663653
"310";"Gu%C3%A9ret";"Creuse";FALSE;46.169599;1.871452
"311";"La%20Souterraine";"Creuse";FALSE;46.239087;1.482986
"312";"Roy%C3%A8re%20de%20Vassivi%C3%A8re";"Creuse";FALSE;45.841737;1.912694
"313";"Bergerac";"Dordogne";FALSE;44.853806;0.483392
"314";"Boulazac";"Dordogne";FALSE;45.180548;0.768949
"315";"Brantome";"Dordogne";FALSE;45.365187;0.647394
"316";"Le%20Bugue";"Dordogne";FALSE;44.918456;0.928396
"317";"Chateau%20l%27Ev%C3%AAque";"Dordogne";FALSE;45.248559;0.685139
"318";"Coulounieix";"Dordogne";FALSE;45.158036;0.688744
"319";"Chamiers";"Dordogne";FALSE;45.191714;0.6899459
"320";"Excideuil";"Dordogne";FALSE;45.340019;1.0489059
"321";"Eymet";"Dordogne";FALSE;44.668628;0.397723
"322";"Gardonne";"Dordogne";FALSE;44.836377;0.331866
"323";"Gour%20de%20l%27Arche";"Dordogne";FALSE;45.1300584;1.3685517
"324";"Hautefort";"Dordogne";FALSE;45.2596459;1.143
"325";"Lalinde";"Dordogne";FALSE;44.838113;0.739477
"326";"Lanouaille";"Dordogne";FALSE;45.392176;1.139211
"327";"Montignac";"Dordogne";FALSE;45.064332;1.16138
"328";"Montpon";"Dordogne";FALSE;45.00885;0.162779
"329";"Mussidan";"Dordogne";FALSE;45.037085;0.364299
"330";"Neuvic";"Dordogne";FALSE;45.09975;0.469484
"331";"Nontron";"Dordogne";FALSE;45.530402;0.662239
"332";"Perigeux";"Dordogne";FALSE;45.184029;0.7211149
"333";"Piegut";"Dordogne";FALSE;45.5422483;0.6691782
"334";"Riberac";"Dordogne";FALSE;45.246394;0.337651
"335";"Rouffignac";"Dordogne";FALSE;45.090832;0.604146
"336";"St%20Astier";"Dordogne";FALSE;45.145202;0.52778
"337";"St%20Aulaye";"Dordogne";FALSE;45.204146;0.138012
"338";"St%20Martin";"Dordogne";FALSE;45.555244;0.61537
"339";"Sarlat";"Dordogne";FALSE;44.890891;1.217292
"340";"Terrasson";"Dordogne";FALSE;45.510166;0.919383
"341";"Thenon";"Dordogne";FALSE;45.138315;1.071306
"342";"Thiviers";"Dordogne";FALSE;45.416858;0.922369
"343";"Trelissac";"Dordogne";FALSE;45.196131;0.77911
"344";"Vergt";"Dordogne";FALSE;45.026165;0.7193119
"345";"Villamblard";"Dordogne";FALSE;45.022468;0.54067
"346";"tous%20sauf%20Baume%20les%20Dames%20et%20Ornans";"Doubs";FALSE;47.106041;6.147005
"347";"Crest";"Dr%C3%B4me";FALSE;44.7282749;5.024072
"348";"Die";"Dr%C3%B4me";FALSE;44.751036;5.370536
"349";"Loriol";"Dr%C3%B4me";FALSE;44.751895;4.822375
"350";"Montelimar";"Dr%C3%B4me";FALSE;44.556944;4.749496
"351";"Romans%20sur%20Isere";"Dr%C3%B4me";FALSE;45.044236;5.052735
"352";"St%20Jean%20en%20Royans";"Dr%C3%B4me";FALSE;45.016847;5.291575
"353";"St%20Paul%20les%20Trois%20Chateaux";"Dr%C3%B4me";FALSE;44.348678;4.768295
"354";"St%20Vallier";"Dr%C3%B4me";FALSE;45.178291;4.815205
"355";"Tain%20l%27Hermitage";"Dr%C3%B4me";FALSE;45.072641;4.847654
"356";"Valence";"Dr%C3%B4me";FALSE;44.933393;4.89236
"357";"Buis";"Dr%C3%B4me";FALSE;44.276186;5.27413
"358";"Dieulefit";"Dr%C3%B4me";FALSE;44.526213;5.06576
"359";"medium";"Eure";FALSE;49.1181763;0.9582114
"360";"%22%3E";"Eure";FALSE;49.1181763;0.9582114
"361";"Les%20Andelys";"Eure";TRUE;49.246568;1.4192
"362";"Bernay";"Eure";TRUE;49.089328;0.597811
"363";"Conches";"Eure";TRUE;48.961817;0.942638
"364";"Croth";"Eure";TRUE;48.846171;1.373747
"365";"Evreux-La-Madeleine";"Eure";TRUE;49.044058;1.134416
"366";"Evreux-Pannette";"Eure";TRUE;49.020537;1.1466632
"367";"Gaillon";"Eure";TRUE;49.160734;1.33341
"368";"Gisors";"Eure";TRUE;49.279774;1.776579
"369";"Louviers";"Eure";TRUE;49.2152477;1.1686123
"370";"P%C3%AEtres";"Eure";TRUE;49.318629;1.226022
"371";"Quillebeuf";"Eure";TRUE;49.472324;0.526424
"372";"Romilly-sur-andelle";"Eure";TRUE;49.331344;1.2541791
"373";"Routot";"Eure";TRUE;49.386137;0.731581
"374";"Saint-Andr%C3%A9-de-l%27Eure";"Eure";TRUE;48.906396;1.273029
"375";"Saint-Marcel";"Eure";TRUE;49.094615;1.454389
"376";"Verneuil-Sur-Avre";"Eure";TRUE;48.740966;0.930172
"377";"Val%20de%20Reuil";"Eure";TRUE;49.272602;1.217085
"378";"Verneuil";"Eure";TRUE;48.740966;0.930172
"379";"Vernon";"Eure";TRUE;49.091958;1.488107
"380";"Auneau";"Eure-et-Loir";FALSE;48.4622839;1.773238
"381";"Bonneval";"Eure-et-Loir";FALSE;48.181453;1.385289
"382";"Brou";"Eure-et-Loir";FALSE;48.211341;1.166094
"383";"Chartres%20Beaulieu";"Eure-et-Loir";FALSE;48.4378103;1.5074956
"384";"Chartres%20Saint%20Brice";"Eure-et-Loir";FALSE;48.4377837;1.4924157
"385";"Chateaudun";"Eure-et-Loir";FALSE;48.070369;1.327696
"386";"Chateauneuf%20en%20Thymerais";"Eure-et-Loir";FALSE;48.581061;1.242111
"387";"Cloyes%20sur%20le%20Loir";"Eure-et-Loir";FALSE;47.997216;1.233431
"388";"Courville%20sur%20Eure";"Eure-et-Loir";FALSE;48.4487;1.240084
"389";"Dreux";"Eure-et-Loir";FALSE;48.736134;1.370889
"390";"Janville";"Eure-et-Loir";FALSE;48.205035;1.888368
"391";"La%20Loupe";"Eure-et-Loir";FALSE;48.471285;1.014305
"392";"Luc%C3%A9";"Eure-et-Loir";FALSE;48.439575;1.466895
"393";"Mainvilliers";"Eure-et-Loir";FALSE;48.44921;1.464086
"394";"Nogent%20le%20Rotrou";"Eure-et-Loir";FALSE;48.321762;0.8217759
"395";"Saint%20Lubin%20des%20Joncherets";"Eure-et-Loir";FALSE;48.76764;1.194323
"396";"Saint%20Remy%20sur%20Avre";"Eure-et-Loir";FALSE;48.7624939;1.238762
"397";"Senonches";"Eure-et-Loir";FALSE;48.559668;1.038016
"398";"Vernouillet";"Eure-et-Loir";FALSE;48.720632;1.355859
"399";"Brest";"Finist%C3%A8re";FALSE;48.390394;-4.486076
"400";"Carhaix";"Finist%C3%A8re";FALSE;48.2393409;-3.5989151
"401";"Chateaulin";"Finist%C3%A8re";FALSE;48.195389;-4.094207
"402";"Concarneau";"Finist%C3%A8re";FALSE;47.872834;-3.920734
"403";"Crozon";"Finist%C3%A8re";FALSE;48.246306;-4.489568
"404";"Douarnenez";"Finist%C3%A8re";FALSE;48.093228;-4.328619
"405";"Landivisiau";"Finist%C3%A8re";FALSE;48.510131;-4.073265
"406";"Lannilis";"Finist%C3%A8re";FALSE;48.5693709;-4.52151
"407";"Lanrivoare";"Finist%C3%A8re";FALSE;48.473845;-4.638995
"408";"Lesneven-Le-Folgo%C3%ABt";"Finist%C3%A8re";FALSE;48.5361292;-4.3718477
"409";"Morlaix%20Tr%C3%A9vidy";"Finist%C3%A8re";FALSE;48.2520249;-3.9300525
"410";"Quimper";"Finist%C3%A8re";FALSE;47.997542;-4.097899
"411";"Quimperl%C3%A9";"Finist%C3%A8re";FALSE;47.872586;-3.547546
"412";"Pont%20L%27Abb%C3%A9";"Finist%C3%A8re";FALSE;47.866915;-4.222298
"413";"Saint%20Pol%20de%20L%C3%A9on";"Finist%C3%A8re";FALSE;48.685113;-3.986533
"414";"Ales";"Gard";FALSE;44.127204;4.083352
"415";"Anduze";"Gard";FALSE;44.053386;3.98651
"416";"Bagnols%20sur%20Ceze";"Gard";FALSE;44.16252;4.620075
"417";"Beaucaire";"Gard";FALSE;43.807235;4.644269
"418";"Besseges";"Gard";FALSE;44.293661;4.09187
"419";"La%20Grand%20Combe";"Gard";FALSE;44.210777;4.02994
"420";"N%C3%AEmes%20Route%20d%27Avignon";"Gard";FALSE;43.8478858;4.3956911
"421";"N%C3%AEmes%20Ranquette%20Capouchin%C3%A9";"Gard";FALSE;43.9446996;4.1513764
"422";"Quissac";"Gard";FALSE;43.91096;3.998719
"423";"St%20Ambroix";"Gard";FALSE;44.260102;4.19642
"424";"St%20Hippolyte%20du%20Fort";"Gard";FALSE;43.965294;3.85771
"425";"St%20Jean%20du%20Gard";"Gard";FALSE;44.10525;3.885144
"426";"Salindres";"Gard";FALSE;44.167109;4.160302
"427";"Sommieres";"Gard";FALSE;43.78345;4.089738
"428";"Le%20Vigan";"Gard";FALSE;43.992927;3.606322
"429";"Saint-Christophe-Les-Ales";"Gard";FALSE;44.086751;4.075899
"430";"Saint%20Gilles%3Cdiv%3EPour%20connaitre%20les%20jours%20et%20horaires%20d%27ouverture%20des%20centres%20%3A%20%3Ca%20href%3D%22http%3A%2F%2Fwww.lesrestosducoeur30.org%22%3Ehttp%3A%2F%2Fwww.lesrestosducoeur30.org%3C%2Fa%3E";"Gard";FALSE;43.9446996;4.1513764
"431";"Auterive";"Haute-Garonne";FALSE;43.352627;1.4775069
"432";"Baziege";"Haute-Garonne";FALSE;43.455124;1.6134139
"433";"Bessi%C3%A8res";"Haute-Garonne";FALSE;43.800464;1.606142
"434";"Blagnac";"Haute-Garonne";FALSE;43.635087;1.39703
"435";"Carbone";"Haute-Garonne";FALSE;43.294811;1.22576
"436";"Cazeres";"Haute-Garonne";FALSE;43.205201;1.086645
"437";"Cugnaux";"Haute-Garonne";FALSE;43.537141;1.344995
"438";"Escalquens";"Haute-Garonne";FALSE;43.518518;1.559973
"439";"Fonsorbes";"Haute-Garonne";FALSE;43.535456;1.230645
"440";"Fronton";"Haute-Garonne";FALSE;43.840098;1.389654
"441";"Grenade";"Haute-Garonne";FALSE;43.769894;1.295412
"442";"Leguevin";"Haute-Garonne";FALSE;43.600077;1.234389
"443";"Levignac";"Haute-Garonne";FALSE;43.667238;1.194134
"444";"Montrejeau";"Haute-Garonne";FALSE;43.086263;0.567057
"445";"Muret";"Haute-Garonne";FALSE;43.461574;1.33071
"446";"Pibrac";"Haute-Garonne";FALSE;43.618937;1.283406
"447";"Plaisance%20du%20Touch";"Haute-Garonne";FALSE;43.564686;1.2949
"448";"Portet%20sur%20Garonne";"Haute-Garonne";FALSE;43.528559;1.399535
"449";"Revel";"Haute-Garonne";FALSE;43.458611;2.004573
"450";"Rieumes";"Haute-Garonne";FALSE;43.4121122;1.1175788
"451";"Salies%20du%20Salat";"Haute-Garonne";FALSE;43.104483;0.960024
"452";"St%20Gaudens";"Haute-Garonne";FALSE;43.106895;0.723763
"453";"Toulouse%20%283%20centres%29";"Haute-Garonne";FALSE;43.6114476;1.3305033
"454";"Tournefeuille";"Haute-Garonne";FALSE;43.5829;1.346834
"455";"Villefranche%20de%20Lauragais";"Haute-Garonne";FALSE;43.399115;1.718634
"456";"Auch";"Gers";FALSE;43.64638;0.586709
"457";"Fleurance";"Gers";FALSE;43.849456;0.6632439
"458";"Lectoure";"Gers";FALSE;43.933604;0.623621
"459";"L%27Isle%20Jourdain";"Gers";FALSE;43.6138369;1.081741
"460";"Lombez";"Gers";FALSE;43.4758039;0.91201
"461";"Nogaro";"Gers";FALSE;43.7710318;-0.0312656
"462";"Prechac%2FOdour";"Gers";FALSE;43.6366479;0.4502368
"463";"Eduze";"Gers";FALSE;43.862587;0.10053
"464";"Condon";"Gers";FALSE;43.9582229;0.372492
"465";"gimot";"Gers";FALSE;43.626348;0.876768
"466";"Mironde";"Gers";FALSE;43.516823;0.403639
"467";"Vic-Fezensac";"Gers";FALSE;43.759272;0.3015939
"468";"Ambares";"Gironde";FALSE;44.9209645;-0.4518489
"469";"Ambes";"Gironde";FALSE;45.012825;-0.530755
"470";"Bassens";"Gironde";FALSE;44.899835;-0.516238
"471";"Begles";"Gironde";FALSE;44.812023;-0.543784
"472";"Blanquefort";"Gironde";FALSE;44.910084;-0.635244
"473";"Blaye";"Gironde";FALSE;45.126841;-0.662941
"474";"Bordeaux%20Gare";"Gironde";FALSE;44.825917;-0.556826
"475";"Bordeaux%20St%20Louis";"Gironde";FALSE;44.862674;-0.567082
"476";"Bourg%2FGironde";"Gironde";FALSE;45.043983;-0.5578149
"477";"Branne";"Gironde";FALSE;44.83018;-0.187401
"478";"Castelnau%20de%20Medoc%20et%20ses%20antennes";"Gironde";FALSE;44.849665;-0.4502368
"479";"Cenon";"Gironde";FALSE;44.857738;-0.530906
"480";"Eysines";"Gironde";FALSE;44.885793;-0.648815
"481";"Gironde%2FDropt";"Gironde";FALSE;44.584143;-0.090259
"482";"Gu%C3%AEtres";"Gironde";FALSE;45.041699;-0.185577
"483";"Langoiran";"Gironde";FALSE;44.707992;-0.400762
"484";"Lanton";"Gironde";FALSE;44.702377;-1.035469
"485";"Lesparre";"Gironde";FALSE;44.871745;-0.356694
"486";"Lormont";"Gironde";FALSE;44.880163;-0.523108
"487";"Merignac";"Gironde";FALSE;44.8448769;-0.656358
"488";"Pauillac";"Gironde";FALSE;45.199585;-0.746212
"489";"Pays%20Foyen";"Gironde";FALSE;44.8436733;0.2194906
"490";"Pessac";"Gironde";FALSE;44.80583;-0.630386
"491";"St%20Andre%20de%20Cubzac";"Gironde";FALSE;44.99456;-0.445865
"492";"St%20Loubes";"Gironde";FALSE;44.916735;-0.4271
"493";"St%20Louis%20de%20Montferrand";"Gironde";FALSE;44.952751;-0.535018
"494";"St%20Symphorien";"Gironde";FALSE;44.428094;-0.489757
"495";"Ste%20Eulalie";"Gironde";FALSE;44.908167;-0.473513
"496";"Sauveterre";"Gironde";FALSE;44.7545757;-0.263283
"497";"Talence%20Margaux";"Gironde";FALSE;44.7692546;-0.5951656
"498";"Talence%20Thouars";"Gironde";FALSE;44.792275;-0.591463
"499";"Toulenne";"Gironde";FALSE;44.558706;-0.261587
"500";"Villenave%20d%27Ornon";"Gironde";FALSE;44.7799813;-0.5672574
"501";"La%20Teste";"Gironde";FALSE;44.627398;-0.236241
"502";"Montesquieu";"Gironde";FALSE;44.846248;-0.63305
"503";"St%20Yzan%20de%20Soudiac";"Gironde";FALSE;45.140119;-0.4101639
"504";"Agde";"H%C3%A9rault";FALSE;43.3088031;3.4768109
"505";"Aniane";"H%C3%A9rault";FALSE;43.684373;3.586748
"506";"Bedarieux";"H%C3%A9rault";FALSE;43.610054;3.167373
"507";"B%C3%A9ziers%20Courbet";"H%C3%A9rault";FALSE;43.3384297;3.2247561
"508";"B%C3%A9ziers%20Marne";"H%C3%A9rault";FALSE;43.338524;3.215621
"509";"Cazouls%20les%20B%C3%A9ziers";"H%C3%A9rault";FALSE;43.392108;3.101108
"510";"Clermont%20l%27Herault";"H%C3%A9rault";FALSE;43.62759;3.429495
"511";"Cournonterral";"H%C3%A9rault";FALSE;43.558067;3.719578
"512";"Fabregues";"H%C3%A9rault";FALSE;43.549831;3.778935
"513";"Frontignan";"H%C3%A9rault";FALSE;43.444815;3.755999
"514";"Gignac";"H%C3%A9rault";FALSE;43.653241;3.551364
"515";"Lunel";"H%C3%A9rault";FALSE;43.67445;4.135366
"516";"Magalas";"H%C3%A9rault";FALSE;43.470887;3.222528
"517";"Marsillargues";"H%C3%A9rault";FALSE;43.665346;4.178997
"518";"Meze";"H%C3%A9rault";FALSE;43.4255939;3.606834
"519";"Montady";"H%C3%A9rault";FALSE;43.327762;3.117645
"520";"Montarnaud";"H%C3%A9rault";FALSE;43.649322;3.69797
"521";"Montpellier";"H%C3%A9rault";FALSE;43.610769;3.876716
"522";"%288%20centres%29";"H%C3%A9rault";FALSE;43.7332314;3.9812755
"523";"Pezenas";"H%C3%A9rault";FALSE;43.461531;3.423193
"524";"Le%20Pouget";"H%C3%A9rault";FALSE;43.592466;3.523704
"525";"Saint%20Andr%C3%A9%20de%20Sangonis";"H%C3%A9rault";FALSE;43.6529839;3.508645
"526";"Saint%20Chinian";"H%C3%A9rault";FALSE;43.418646;2.945129
"527";"Saint%20Georges%20d%27Orques";"H%C3%A9rault";FALSE;43.610206;3.781252
"528";"Sete";"H%C3%A9rault";FALSE;43.4078758;3.7008219
"529";"Valras";"H%C3%A9rault";FALSE;43.2673517;3.2840733
"530";"Villeneuve%20les%20Maguelone";"H%C3%A9rault";FALSE;43.5332397;3.8616165
"531";"CAMION%20DU%20COEUR%20%C3%A0%20Montpellier";"H%C3%A9rault";FALSE;43.610769;3.876716
"532";"Antrain";"Ille-et-Vilaine";FALSE;48.4614;-1.485501
"533";"Bain-De-Bretagne";"Ille-et-Vilaine";FALSE;47.842697;-1.682073
"534";"Combourg";"Ille-et-Vilaine";FALSE;48.410006;-1.752499
"535";"Dinard";"Ille-et-Vilaine";FALSE;48.633024;-2.055125
"536";"Fougeres";"Ille-et-Vilaine";FALSE;48.3515609;-1.204626
"537";"Guichen";"Ille-et-Vilaine";FALSE;47.966038;-1.796747
"538";"Janze";"Ille-et-Vilaine";FALSE;47.959272;-1.498302
"539";"La%20Guerche";"Ille-et-Vilaine";FALSE;48.4663929;-1.634764
"540";"Maure-De-Bretagne";"Ille-et-Vilaine";FALSE;47.891032;-1.986686
"541";"Messac";"Ille-et-Vilaine";FALSE;47.824796;-1.807864
"542";"Montfort";"Ille-et-Vilaine";FALSE;48.1426661;-1.9533241
"543";"Melesse";"Ille-et-Vilaine";FALSE;48.216365;-1.697343
"544";"Redon";"Ille-et-Vilaine";FALSE;47.650742;-2.083938
"545";"St-Malo";"Ille-et-Vilaine";FALSE;48.649337;-2.025674
"546";"Rennes-Alma";"Ille-et-Vilaine";FALSE;48.1000562;-1.6761218
"547";"Rennes-Villejean";"Ille-et-Vilaine";FALSE;48.1212654;-1.7040414
"548";"Vitre";"Ille-et-Vilaine";FALSE;48.124746;-1.21543
"549";"Liffr%C3%A9";"Ille-et-Vilaine";FALSE;48.214048;-1.505816
"550";"Argenton%20sur%20Creuse";"Indre";FALSE;46.586446;1.52282
"551";"Buzan%C3%A7ais";"Indre";FALSE;46.888616;1.421823
"552";"Chateauroux%20%283%20centres%29";"Indre";FALSE;46.812399;1.6944044
"553";"Chatillon-sur-indre";"Indre";FALSE;46.987223;1.173521
"554";"Deols";"Indre";FALSE;46.825648;1.700974
"555";"La%20Chatre";"Indre";FALSE;46.581832;1.986165
"556";"Le%20Blanc";"Indre";FALSE;46.633239;1.064289
"557";"Amboise";"Indre-et-Loire";FALSE;47.413326;0.984407
"558";"Avoine";"Indre-et-Loire";FALSE;47.205697;0.181982
"559";"Azay%20le%20Rideau";"Indre-et-Loire";FALSE;47.26177;0.46574
"560";"Bourgueil";"Indre-et-Loire";FALSE;47.282487;0.168611
"561";"Chateau%20la%20Valliere";"Indre-et-Loire";FALSE;47.547464;0.321339
"562";"Chinon";"Indre-et-Loire";FALSE;47.167296;0.240385
"563";"Descartes";"Indre-et-Loire";FALSE;46.973539;0.698666
"564";"L%27Ile%20Bouchard";"Indre-et-Loire";FALSE;47.119833;0.425897
"565";"Joue-Les-Tours";"Indre-et-Loire";FALSE;47.351861;0.6613099
"566";"Langeais";"Indre-et-Loire";FALSE;47.324847;0.406217
"567";"Loches";"Indre-et-Loire";FALSE;47.128158;0.997664
"568";"Montlouis%20sur%20Loire";"Indre-et-Loire";FALSE;47.388264;0.827383
"569";"Nazelles%20Negron";"Indre-et-Loire";FALSE;47.433241;0.949045
"570";"Neuille%20Pont%20Pierre";"Indre-et-Loire";FALSE;47.547414;0.546587
"571";"Richelieu";"Indre-et-Loire";FALSE;47.0127047;0.3240159
"572";"Sainte%20Maure%20de%20Touraine";"Indre-et-Loire";FALSE;47.1133219;0.622078
"573";"Tours%20centre";"Indre-et-Loire";FALSE;47.394144;0.68484
"574";"Tours%20nord";"Indre-et-Loire";FALSE;47.4209577;0.6750255
"575";"Bourgueil";"Indre-et-Loire";FALSE;47.282487;0.168611
"576";"Echirolles";"Is%C3%A8re";FALSE;45.142151;5.718034
"577";"L%27Isle%20d%27Abeau";"Is%C3%A8re";FALSE;45.623157;5.2301149
"578";"St%20Maurice%20l%27Exil";"Is%C3%A8re";FALSE;45.397062;4.77432
"579";"Vienne";"Is%C3%A8re";FALSE;45.525587;4.874339
"580";"Fontaine";"Is%C3%A8re";FALSE;45.192754;5.688211
"581";"La%20Mure";"Is%C3%A8re";FALSE;44.906521;5.784528
"582";"Penol";"Is%C3%A8re";FALSE;45.390453;5.191047
"583";"Villefontaine";"Is%C3%A8re";FALSE;45.613538;5.150093
"584";"Grenoble%20nord";"Is%C3%A8re";FALSE;45.1563696;5.7005682
"585";"Grenoble%20sud";"Is%C3%A8re";FALSE;45.1650287;5.7261712
"586";"La%20Tour%20du%20Pin";"Is%C3%A8re";FALSE;45.564026;5.445327
"587";"Tignieu%20Jameyzieu";"Is%C3%A8re";FALSE;45.733945;5.185379
"588";"Morestel";"Is%C3%A8re";FALSE;45.678043;5.469316
"589";"St%20Marcellin";"Is%C3%A8re";FALSE;45.154119;5.3199379
"590";"Tullins";"Is%C3%A8re";FALSE;45.297651;5.4827199
"591";"Arbois";"Jura";FALSE;46.902851;5.772342
"592";"Champagnole";"Jura";FALSE;46.746091;5.905725
"593";"Dole";"Jura";FALSE;47.09534;5.49081
"594";"Lons%20le%20Saunier";"Jura";FALSE;46.671361;5.550796
"595";"Morez";"Jura";FALSE;46.5239422;6.0223705
"596";"Poligny";"Jura";FALSE;46.836429;5.7091
"597";"Saint%20Claude";"Jura";FALSE;46.387405;5.8677659
"598";"Salins%20les%20Bains";"Jura";FALSE;46.939685;5.875801
"599";"Gastes";"Landes";FALSE;44.325426;-1.147067
"600";"Grenade%2FAdour";"Landes";FALSE;43.773106;-0.431053
"601";"Labouheyre";"Landes";FALSE;44.211947;-0.919067
"602";"Peyrehorade";"Landes";FALSE;43.545627;-1.097208
"603";"Pontonx%2FAdour";"Landes";FALSE;43.787708;-0.924979
"604";"Roquefort";"Landes";FALSE;44.034137;-0.322667
"605";"St%20Paul%20les%20Dax";"Landes";FALSE;43.724934;-1.051409
"606";"St%20Pierre%20du%20Mont";"Landes";FALSE;43.8818198;-0.5192546
"607";"St%20Vincent%20de%20Tyrosse";"Landes";FALSE;43.6587109;-1.301187
"608";"Soustons";"Landes";FALSE;43.75562;-1.326638
"609";"Tarnos";"Landes";FALSE;43.5408;-1.461038
"610";"Tartas";"Landes";FALSE;43.832059;-0.809343
"611";"Saint%20Sever";"Landes";FALSE;43.759137;-0.574221
"612";"Aire%20sur%20Adour";"Landes";TRUE;43.705639;-0.255851
"613";"Amou";"Landes";TRUE;43.593004;-0.747187
"614";"Capbreton";"Landes";TRUE;43.637844;-1.420939
"615";"Dax";"Landes";TRUE;43.708608;-1.051945
"616";"Mont%20de%20Marsan";"Landes";TRUE;43.893485;-0.499782
"617";"Peurehorade";"Landes";TRUE;43.545627;-1.097208
"618";"Roquefort";"Landes";TRUE;44.034137;-0.322667
"619";"Soustons";"Landes";TRUE;43.75562;-1.326638
"620";"Tartas";"Landes";TRUE;43.832059;-0.809343
"621";"Saint%20Sever";"Landes";TRUE;43.759137;-0.574221
"622";"Blois";"Loir-et-Cher";FALSE;47.5860921;1.3359475
"623";"Mer%20%28antenne%29";"Loir-et-Cher";FALSE;47.6761905;1.4159072
"624";"Mondoubleau%20%28antenne%29";"Loir-et-Cher";FALSE;47.6761905;1.4159072
"625";"Montrichard%20%28antenne%29";"Loir-et-Cher";FALSE;47.6761905;1.4159072
"626";"Romorantin-Lanthenay";"Loir-et-Cher";FALSE;47.358657;1.747259
"627";"Vend%C3%B4me";"Loir-et-Cher";FALSE;47.792551;1.065343
"628";"Saint%20Aignan";"Loir-et-Cher";FALSE;47.268553;1.373492
"629";"Andrezieux";"Loire";FALSE;45.526237;4.255537
"630";"Firminy";"Loire";FALSE;45.387638;4.287617
"631";"La%20Grand%20Croix";"Loire";FALSE;45.50444;4.570513
"632";"Le%20Chambon%20Feugerolles";"Loire";FALSE;45.395883;4.325413
"633";"L%27Horme";"Loire";FALSE;45.493316;4.543359
"634";"Maclas";"Loire";FALSE;45.361855;4.684872
"635";"Montbrison";"Loire";FALSE;45.60745;4.063338
"636";"Rive%20de%20Gier";"Loire";FALSE;45.527692;4.615349
"637";"Roanne";"Loire";FALSE;46.034432;4.072695
"638";"St%20Bonnet%20le%20Chateau";"Loire";FALSE;45.42656;4.065822
"639";"St%20Chamond";"Loire";FALSE;45.476088;4.5127119
"640";"St%20Etienne";"Loire";FALSE;45.439695;4.3871779
"641";"St%20Genest%20Lerpt";"Loire";FALSE;45.452188;4.341445
"642";"Unieux";"Loire";FALSE;45.40582;4.268712
"643";"St%20Germain%20Laval";"Loire";FALSE;45.82963;4.01108
"644";"Aurec";"Haute-Loire";FALSE;45.369468;4.200829
"645";"Bas%20en%20Basset";"Haute-Loire";FALSE;45.305846;4.109558
"646";"Brives-Charensac";"Haute-Loire";FALSE;45.046636;3.926905
"647";"Chadrac";"Haute-Loire";FALSE;45.065497;3.903232
"648";"Craponne";"Haute-Loire";FALSE;45.330005;3.845037
"649";"Yssingeaux";"Haute-Loire";FALSE;45.142667;4.123734
"650";"Costaros";"Haute-Loire";FALSE;44.8942089;3.850247
"651";"Lavoute%20sur%20Loire";"Haute-Loire";FALSE;45.118609;3.906302
"652";"Le%20monastier";"Haute-Loire";FALSE;44.939996;3.994968
"653";"Retournac";"Haute-Loire";FALSE;45.204126;4.03262
"654";"Ste%20Florine";"Haute-Loire";FALSE;45.4051509;3.319488
"655";"Saugues";"Haute-Loire";FALSE;44.96027;3.546566
"656";"Brioude";"Haute-Loire";TRUE;45.295564;3.386482
"657";"Le%20Monastier";"Haute-Loire";TRUE;44.939996;3.994968
"658";"Le%20Puy%20en%20Velay";"Haute-Loire";TRUE;45.042768;3.882936
"659";"Monistrol%20sur%20Loire";"Haute-Loire";TRUE;45.292432;4.172183
"660";"Tence";"Haute-Loire";TRUE;45.114696;4.290134
"661";"All%C3%A8gre";"Haute-Loire";TRUE;45.200105;3.712038
"662";"La%20Chaise-Dieu";"Haute-Loire";TRUE;45.320631;3.695845
"663";"Espaly";"Haute-Loire";TRUE;45.03431;3.885314
"664";"Langeac";"Haute-Loire";TRUE;45.098487;3.494353
"665";"St%20Didier";"Haute-Loire";TRUE;45.3019589;4.273841
"666";"St%20Just%20Malmont";"Haute-Loire";TRUE;45.3413899;4.313346
"667";"Ste%20Sigol%C3%A8ne";"Haute-Loire";TRUE;45.2411559;4.235165
"668";"Ancenis";"Loire-Atlantique";FALSE;47.365464;-1.177491
"669";"Chateaubriant";"Loire-Atlantique";FALSE;47.720948;-1.3762239
"670";"Clisson";"Loire-Atlantique";FALSE;47.0864509;-1.280468
"671";"Coueron";"Loire-Atlantique";FALSE;47.210999;-1.72885
"672";"Guemene%20Penfao";"Loire-Atlantique";FALSE;47.628671;-1.834333
"673";"Guerande";"Loire-Atlantique";FALSE;47.328003;-2.4297589
"674";"La%20baule";"Loire-Atlantique";FALSE;47.285448;-2.393236
"675";"La%20Bernerie%20en%20Retz";"Loire-Atlantique";FALSE;47.081377;-2.0381999
"676";"La%20Chapelle%20sur%20Erdre";"Loire-Atlantique";FALSE;47.299576;-1.550638
"677";"Le%20Croisic";"Loire-Atlantique";FALSE;47.294319;-2.511908
"678";"Le%20Leroux%20Bottereau";"Loire-Atlantique";FALSE;47.2378209;-1.348446
"679";"Le%20Pellerin";"Loire-Atlantique";FALSE;47.200228;-1.75346
"680";"Le%20Pouliguen";"Loire-Atlantique";FALSE;47.269852;-2.425372
"681";"Lege";"Loire-Atlantique";FALSE;46.885184;-1.5963099
"682";"Machecoul";"Loire-Atlantique";FALSE;46.992283;-1.817202
"683";"Malville";"Loire-Atlantique";FALSE;47.356041;-1.861734
"684";"Nantes%20Roch";"Loire-Atlantique";FALSE;47.2051802;-1.5477611
"685";"Nantes%20Dalby";"Loire-Atlantique";FALSE;47.2226695;-1.530839
"686";"Nort%20sur%20Erdre";"Loire-Atlantique";FALSE;47.439552;-1.5009189
"687";"Nozay";"Loire-Atlantique";FALSE;47.564751;-1.626916
"688";"Pontchateau";"Loire-Atlantique";FALSE;47.436929;-2.089536
"689";"Pornic";"Loire-Atlantique";FALSE;47.115491;-2.104444
"690";"Pornichet";"Loire-Atlantique";FALSE;47.263426;-2.340571
"691";"Saffre";"Loire-Atlantique";FALSE;47.50117;-1.575718
"692";"St%20Gildas%20des%20Bois";"Loire-Atlantique";FALSE;47.517319;-2.037288
"693";"St%20Herblain";"Loire-Atlantique";FALSE;47.210335;-1.651444
"694";"St%20Mars%20la%20Jaille";"Loire-Atlantique";FALSE;47.524938;-1.184397
"695";"St%20Nazaire";"Loire-Atlantique";FALSE;47.2734979;-2.213848
"696";"St%20Philibert%20de%20Grand%20Lieu";"Loire-Atlantique";FALSE;47.036878;-1.642905
"697";"St%20Sebastien";"Loire-Atlantique";FALSE;47.205376;-1.503103
"698";"St%20Viaud";"Loire-Atlantique";FALSE;47.256301;-2.018918
"699";"Vallet";"Loire-Atlantique";FALSE;47.160929;-1.265138
"700";"Orvault";"Loire-Atlantique";FALSE;47.274344;-1.619405
"701";"Amilly-%20Briare";"Loiret";FALSE;47.9991722;2.7395733
"702";"Orleans%20Etienne%20Dolet";"Loiret";FALSE;47.9007933;1.908558
"703";"Bonny%20sur%20Loire";"Loiret";FALSE;47.560251;2.840359
"704";"Chalette%20sur%20Loing";"Loiret";FALSE;48.014736;2.73203
"705";"Courtenay";"Loiret";FALSE;48.039691;3.05856
"706";"Gien";"Loiret";FALSE;47.698059;2.624758
"707";"Montargis";"Loiret";FALSE;47.99729;2.736291
"708";"Orleans%20la%20Source";"Loiret";FALSE;47.8364544;1.9325511
"709";"Pithiviers";"Loiret";FALSE;48.173423;2.255849
"710";"St%20Jean%20de%20la%20Ruelle";"Loiret";FALSE;47.912722;1.874149
"711";"Saran";"Loiret";FALSE;47.94791;1.880734
"712";"Bretenoux";"Lot";FALSE;44.91565;1.83836
"713";"Castelnau%20Montratier";"Lot";FALSE;44.26764;1.35337
"714";"Gramat";"Lot";FALSE;44.779271;1.723469
"715";"La%20Bastide%20Murat";"Lot";FALSE;44.637474;2.024009
"716";"La%20Capelle%20Marival";"Lot";FALSE;44.5379358;1.6760691
"717";"Limogne";"Lot";FALSE;44.400708;1.763529
"718";"Luzech";"Lot";FALSE;44.476911;1.289267
"719";"Martel";"Lot";FALSE;44.936783;1.608582
"720";"Prayssac";"Lot";FALSE;44.503852;1.188124
"721";"Puy%20l%27Ev%C3%AAque";"Lot";FALSE;44.503914;1.136808
"722";"St%20Cere";"Lot";FALSE;44.859439;1.892482
"723";"Salviac";"Lot";FALSE;44.681254;1.265365
"724";"Souillac";"Lot";FALSE;44.893626;1.478613
"725";"Bretenoux";"Lot";TRUE;44.91565;1.83836
"726";"Cahors";"Lot";TRUE;44.4475229;1.441989
"727";"Castelnau-Montratier-%20Catus%20-Figeac";"Lot";TRUE;44.557392;1.336939
"728";"Gourdon";"Lot";TRUE;44.736788;1.381867
"729";"Gramat";"Lot";TRUE;44.779271;1.723469
"730";"Labastide-Murat";"Lot";TRUE;44.647446;1.567915
"731";"Lacapelle-Marival";"Lot";TRUE;44.72784;1.925505
"732";"Luzech";"Lot";TRUE;44.476911;1.289267
"733";"Montcuq";"Lot";TRUE;44.33862;1.209646
"734";"Puy-l%27Ev%C3%AAque";"Lot";TRUE;44.503914;1.136808
"735";"Saint-C%C3%A9r%C3%A9";"Lot";TRUE;44.859439;1.892482
"736";"Souillac";"Lot";TRUE;44.893626;1.478613
"737";"Aiguillon";"Lot-et-Garonne";FALSE;44.301656;0.338664
"738";"Barbaste";"Lot-et-Garonne";FALSE;44.170718;0.287058
"739";"Bon-Encontre%20Jean%20Mal%C3%A8ze";"Lot-et-Garonne";FALSE;44.5606;0.6050489
"740";"Bon-Encontre%20Jourdain";"Lot-et-Garonne";FALSE;44.204178;0.644037
"741";"Casteljaloux";"Lot-et-Garonne";FALSE;44.313746;0.088354
"742";"Fumel";"Lot-et-Garonne";FALSE;44.497368;0.970743
"743";"Le%20Passage";"Lot-et-Garonne";FALSE;44.200867;0.602179
"744";"Marmande";"Lot-et-Garonne";FALSE;44.500484;0.159869
"745";"Miramont-de-Guyenne";"Lot-et-Garonne";FALSE;44.601906;0.361093
"746";"Penne%20d%27Agenais";"Lot-et-Garonne";FALSE;44.388664;0.819582
"747";"Sainte-Livrade-Sur-Lot";"Lot-et-Garonne";FALSE;44.397824;0.588035
"748";"Villeneuve-Sur-Lot";"Lot-et-Garonne";FALSE;44.4082053;0.7072568
"749";"Boe%20%E2%80%93";"Lot-et-Garonne";FALSE;44.159599;0.628594
"750";"Florac";"Loz%C3%A8re";FALSE;44.324014;3.593714
"751";"Langogne";"Loz%C3%A8re";FALSE;44.727236;3.855416
"752";"Marvejols";"Loz%C3%A8re";FALSE;44.550133;3.289894
"753";"Mende";"Loz%C3%A8re";FALSE;44.517611;3.501873
"754";"St%20Chely%20d%27Apcher";"Loz%C3%A8re";FALSE;44.801726;3.275227
"755";"Villefort";"Loz%C3%A8re";FALSE;44.438581;3.932926
"756";"Allonnes";"Maine-et-Loire";FALSE;47.293154;0.023646
"757";"Angers";"Maine-et-Loire";FALSE;47.478419;-0.563166
"758";"Avrille";"Maine-et-Loire";FALSE;47.505335;-0.590629
"759";"Bauge";"Maine-et-Loire";FALSE;47.541019;-0.101234
"760";"Beaufort%20en%20vall%C3%A9e";"Maine-et-Loire";FALSE;47.440591;-0.217616
"761";"Cande";"Maine-et-Loire";FALSE;47.560436;-1.037911
"762";"Chalonnes";"Maine-et-Loire";FALSE;47.3516079;-0.7637704
"763";"Chateauneuf%20sur%20Sarthe";"Maine-et-Loire";FALSE;47.680214;-0.488878
"764";"Chemille";"Maine-et-Loire";FALSE;47.2100819;-0.7274078
"765";"Cholet";"Maine-et-Loire";FALSE;47.059407;-0.879787
"766";"Doue%20la%20Fontaine";"Maine-et-Loire";FALSE;47.193616;-0.275184
"767";"Durtal";"Maine-et-Loire";FALSE;47.670898;-0.243812
"768";"Gennes";"Maine-et-Loire";FALSE;47.339678;-0.233325
"769";"Le%20Lion%20d%27Angers";"Maine-et-Loire";FALSE;47.627851;-0.714564
"770";"Longue";"Maine-et-Loire";FALSE;47.3786119;-0.110535
"771";"Montfaucon";"Maine-et-Loire";FALSE;47.101355;-1.128084
"772";"Montreuil%20Bellay";"Maine-et-Loire";FALSE;47.131424;-0.156119
"773";"Montrevault";"Maine-et-Loire";FALSE;47.260375;-1.045807
"774";"Pouance";"Maine-et-Loire";FALSE;47.740194;-1.172892
"775";"St%20Macaire%20en%20Mauge";"Maine-et-Loire";FALSE;47.123434;-0.991415
"776";"Saint%20Georges%20sur%20Loire";"Maine-et-Loire";FALSE;47.408813;-0.7606191
"777";"Saumur";"Maine-et-Loire";FALSE;47.260135;-0.080893
"778";"Segre";"Maine-et-Loire";FALSE;47.689224;-0.868363
"779";"Tierce";"Maine-et-Loire";FALSE;47.615269;-0.468465
"780";"Trelaze";"Maine-et-Loire";FALSE;47.445879;-0.466795
"781";"Vihiers";"Maine-et-Loire";FALSE;47.144952;-0.535502
"782";"Avranches";"Manche";FALSE;48.686843;-1.36166
"783";"Beaumont-Hague";"Manche";FALSE;49.667074;-1.844943
"784";"Bricquebec";"Manche";FALSE;49.470529;-1.633983
"785";"Carentan";"Manche";FALSE;49.305666;-1.242834
"786";"Cherbourg";"Manche";FALSE;49.6337308;-1.622137
"787";"Coutances";"Manche";FALSE;49.047808;-1.4452609
"788";"La%20Glacerie";"Manche";FALSE;49.6090607;-1.5722878
"789";"Mortain";"Manche";FALSE;48.649222;-0.941546
"790";"Octeville";"Manche";FALSE;49.626851;-1.651193
"791";"Pontorson";"Manche";FALSE;48.553872;-1.509877
"792";"Port%20Bail";"Manche";FALSE;49.461416;-1.268487
"793";"Saint%20Hilaire%20du%20Harcouet";"Manche";FALSE;48.577086;-1.092034
"794";"Saint%20Lo";"Manche";FALSE;49.1154686;-1.0828136
"795";"Saint%20Sauveur%20le%20Vicomte";"Manche";FALSE;49.386916;-1.529958
"796";"Torigni%20sur%20Vire";"Manche";FALSE;49.034127;-0.978918
"797";"Tourlaville";"Manche";FALSE;49.643509;-1.569449
"798";"Valognes";"Manche";FALSE;49.509594;-1.469216
"799";"Villedieu%20les%20Po%C3%AAles";"Manche";FALSE;48.838032;-1.221714
"800";"Chalons%20en%20Champagne";"Marne";FALSE;48.956682;4.363073
"801";"Dormans";"Marne";FALSE;49.07464;3.638479
"802";"Epernay";"Marne";FALSE;49.043411;3.956242
"803";"Fismes";"Marne";FALSE;49.3073229;3.680304
"804";"Reims%20Marchandeau";"Marne";FALSE;49.242315;4.0249094
"805";"Reims%20Orgeval";"Marne";FALSE;49.280237;4.023477
"806";"Reims%20Poissoniers";"Marne";FALSE;49.2530157;4.0244531
"807";"St%20Menehould";"Marne";FALSE;49.2107361;4.1471114
"808";"Vitry-le-Fran%C3%A7ois";"Marne";FALSE;48.726087;4.585745
"809";"Witry%20les%20Reims";"Marne";FALSE;49.29282;4.122191
"810";"Bourbonne%20les%20Bains";"Haute-Marne";FALSE;47.953937;5.749422
"811";"Bourmont";"Haute-Marne";FALSE;48.192589;5.587345
"812";"Chaumont";"Haute-Marne";FALSE;48.113748;5.1392559
"813";"Froncles";"Haute-Marne";FALSE;48.300493;5.146931
"814";"Langres";"Haute-Marne";FALSE;47.86683;5.334297
"815";"Nogent";"Haute-Marne";FALSE;48.026938;5.341363
"816";"Saint%20Dizier";"Haute-Marne";FALSE;48.637692;4.947418
"817";"Wassy";"Haute-Marne";FALSE;48.499508;4.948753
"818";"Chevillon";"Haute-Marne";FALSE;48.5285719;5.131394
"819";"Joinville";"Haute-Marne";FALSE;48.4434759;5.137688
"820";"Chateau%20Gontier";"Mayenne";FALSE;47.8267669;-0.7069
"821";"Ernee";"Mayenne";FALSE;48.296902;-0.939978
"822";"Evron";"Mayenne";FALSE;48.156427;-0.402864
"823";"Gorron";"Mayenne";FALSE;48.4116799;-0.813055
"824";"Mayenne";"Mayenne";FALSE;48.3061239;-0.620935
"825";"Villaines%20la%20Juhel";"Mayenne";FALSE;48.345049;-0.280805
"826";"Laval";"Mayenne";TRUE;48.0785146;-0.7669906
"827";"Renaze";"Mayenne";TRUE;47.7932599;-1.055709
"828";"Auboue";"Meurthe-et-Moselle";FALSE;49.215349;5.973955
"829";"Audun%20le%20Roman";"Meurthe-et-Moselle";FALSE;49.366199;5.892764
"830";"Baccarat";"Meurthe-et-Moselle";FALSE;48.449081;6.738029
"831";"Badonviller";"Meurthe-et-Moselle";FALSE;48.497662;6.894479
"832";"Bayon";"Meurthe-et-Moselle";FALSE;48.47758;6.314147
"833";"Briey";"Meurthe-et-Moselle";FALSE;49.248466;5.936677
"834";"Cirey%20sur%20Vezouze";"Meurthe-et-Moselle";FALSE;48.581217;6.945352
"835";"Crusnes";"Meurthe-et-Moselle";FALSE;49.434418;5.921767
"836";"Dieulouard";"Meurthe-et-Moselle";FALSE;48.8419669;6.067673
"837";"Frouard";"Meurthe-et-Moselle";FALSE;48.761005;6.129582
"838";"Haroue";"Meurthe-et-Moselle";FALSE;48.468342;6.177369
"839";"Homecourt";"Meurthe-et-Moselle";FALSE;49.225282;5.99159
"840";"Hussigny%20Godbrange";"Meurthe-et-Moselle";FALSE;49.492953;5.872779
"841";"Jarny";"Meurthe-et-Moselle";FALSE;49.151784;5.8858499
"842";"Joeuf";"Meurthe-et-Moselle";FALSE;49.23005;6.008858
"843";"Laxou";"Meurthe-et-Moselle";FALSE;48.684256;6.152525
"844";"Liverdun";"Meurthe-et-Moselle";FALSE;48.750161;6.062806
"845";"Longwy";"Meurthe-et-Moselle";FALSE;49.519919;5.761773
"846";"Luneville";"Meurthe-et-Moselle";FALSE;48.592237;6.492339
"847";"Moineville%2FValleroy";"Meurthe-et-Moselle";FALSE;49.204795;5.930191
"848";"Moutiers";"Meurthe-et-Moselle";FALSE;49.234007;5.965798
"849";"Nancy%20Haut%20du%20Li%C3%A8vre%20%28HDL%29";"Meurthe-et-Moselle";FALSE;48.7997007;6.0947014
"850";"Nancy%20Meurthe";"Meurthe-et-Moselle";FALSE;48.7054419;6.182098
"851";"Nancy%20Nabecor";"Meurthe-et-Moselle";FALSE;48.6795925;6.1897752
"852";"Pagny%20sur%20Moselle";"Meurthe-et-Moselle";FALSE;48.983326;6.021831
"853";"Piennes";"Meurthe-et-Moselle";FALSE;49.305627;5.784325
"854";"Pompey";"Meurthe-et-Moselle";FALSE;48.765715;6.122699
"855";"Pont%20%C3%A0%20Mousson";"Meurthe-et-Moselle";FALSE;48.90329;6.054868
"856";"Point%20Sain%20Vincent";"Meurthe-et-Moselle";FALSE;48.624236;6.090273
"857";"Rosi%C3%A8res%20aux%20Salines";"Meurthe-et-Moselle";FALSE;48.595365;6.332949
"858";"Thiaucourt";"Meurthe-et-Moselle";FALSE;48.953911;5.865459
"859";"Thil";"Meurthe-et-Moselle";FALSE;49.474454;5.904327
"860";"Toul";"Meurthe-et-Moselle";FALSE;48.678296;5.890159
"861";"Tucquegnieux";"Meurthe-et-Moselle";FALSE;49.3108549;5.899536
"862";"Val%20et%20Chatillon";"Meurthe-et-Moselle";FALSE;48.559393;6.965345
"863";"Vandoeuvre";"Meurthe-et-Moselle";FALSE;48.661118;6.17376
"864";"Villerupt";"Meurthe-et-Moselle";FALSE;49.470163;5.930146
"865";"Bar%20le%20Duc";"Meuse";FALSE;48.773605;5.158238
"866";"Commercy";"Meuse";FALSE;48.763802;5.592348
"867";"Damvillers";"Meuse";FALSE;49.342526;5.399975
"868";"Dun%20sur%20Meuse";"Meuse";FALSE;49.384119;5.184923
"869";"Etain";"Meuse";FALSE;49.2175831;5.6166101
"870";"Gondrecourt%20le%20Ch%C3%A2teau";"Meuse";FALSE;48.512438;5.506159
"871";"Ligny%20en%20Barrois";"Meuse";FALSE;48.68827;5.32397
"872";"Revigny%20sur%20Ornain";"Meuse";FALSE;48.828221;4.987392
"873";"St%20Mihiel";"Meuse";FALSE;48.88855;5.541657
"874";"Vaucouleurs";"Meuse";FALSE;48.601914;5.66551
"875";"Verdun";"Meuse";FALSE;49.1598764;5.3844231
"876";"Auray";"Morbihan";FALSE;47.666491;-2.983767
"877";"Belle%20ile";"Morbihan";FALSE;47.3364213;-3.1810427
"878";"Guemene";"Morbihan";FALSE;48.067206;-3.207894
"879";"Guer";"Morbihan";FALSE;47.903725;-2.120086
"880";"Hennebont";"Morbihan";FALSE;47.802625;-3.275811
"881";"Le%20Faouet";"Morbihan";FALSE;48.032362;-3.490045
"882";"Lorient";"Morbihan";FALSE;47.7482524;-3.3702449
"883";"Mauron";"Morbihan";FALSE;48.083875;-2.283582
"884";"Muzillac";"Morbihan";FALSE;47.553903;-2.482314
"885";"Nivillac";"Morbihan";FALSE;47.532395;-2.283569
"886";"Ploemeur";"Morbihan";FALSE;47.735695;-3.42714
"887";"Ploermel";"Morbihan";FALSE;47.929254;-2.396846
"888";"Pontivy";"Morbihan";FALSE;48.066152;-2.967056
"889";"Port%20Louis";"Morbihan";FALSE;47.708392;-3.356342
"890";"Questembert";"Morbihan";FALSE;47.6601039;-2.4506579
"891";"Quiberon";"Morbihan";FALSE;47.482133;-3.121053
"892";"Sarzeau";"Morbihan";FALSE;47.527684;-2.768463
"893";"Vannes";"Morbihan";FALSE;47.658236;-2.760847
"894";"Ars-sur-moselle";"Moselle";FALSE;49.076395;6.0755
"895";"Boulay";"Moselle";FALSE;49.184543;6.4981099
"896";"Bouzonville";"Moselle";FALSE;49.290564;6.536161
"897";"Ch%C3%A2teau-Salins";"Moselle";FALSE;48.820138;6.507137
"898";"Dieuze";"Moselle";FALSE;48.810313;6.71757
"899";"Fameck";"Moselle";FALSE;49.304436;6.1025919
"900";"Gangrange";"Moselle";FALSE;49.342759;6.046863
"901";"Hagondange";"Moselle";FALSE;49.25418;6.168126
"902";"Hayange";"Moselle";FALSE;49.329827;6.062166
"903";"Maizieres-les-Metz";"Moselle";FALSE;49.2102519;6.160064
"904";"Marange%20Silvange";"Moselle";FALSE;49.214295;6.1148049
"905";"Metz%20Borny";"Moselle";FALSE;49.113891;6.2271825
"906";"Metz%20Nord";"Moselle";FALSE;49.1361151;6.1677394
"907";"Metz%20Sud";"Moselle";FALSE;49.2565045;6.1466608
"908";"Ottange";"Moselle";FALSE;49.441228;6.017698
"909";"Ste%20Marie%20aux%20Ch%C3%AAnes";"Moselle";FALSE;49.193103;6.0053219
"910";"Sierck%20les%20Bains";"Moselle";FALSE;49.442631;6.361008
"911";"Thionville";"Moselle";FALSE;49.357571;6.168426
"912";"Yutz";"Moselle";FALSE;49.357276;6.200101
"913";"Brinon%20sur%20Beuvron";"Ni%C3%A8vre";FALSE;47.281987;3.491048
"914";"Cercy%20la%20Tour";"Ni%C3%A8vre";FALSE;46.869834;3.645471
"915";"Chateau%20Chinon";"Ni%C3%A8vre";FALSE;47.0536878;3.9487094
"916";"Chatillon%20en%20Bazois";"Ni%C3%A8vre";FALSE;47.052461;3.655934
"917";"Clamecy";"Ni%C3%A8vre";FALSE;47.459605;3.518769
"918";"Corbigny";"Ni%C3%A8vre";FALSE;47.257618;3.684328
"919";"Cosne%20sur%20Loire";"Ni%C3%A8vre";FALSE;47.41022;2.925037
"920";"Decize";"Ni%C3%A8vre";FALSE;46.828583;3.461317
"921";"Donzy%20Fourchambault";"Ni%C3%A8vre";FALSE;47.014448;3.082998
"922";"Fours";"Ni%C3%A8vre";FALSE;46.817548;3.718992
"923";"Guerigny";"Ni%C3%A8vre";FALSE;47.087589;3.194024
"924";"Imphy";"Ni%C3%A8vre";FALSE;46.933826;3.260495
"925";"La%20Charit%C3%A9%20sur%20Loire";"Ni%C3%A8vre";FALSE;47.177091;3.018014
"926";"La%20Machine";"Ni%C3%A8vre";FALSE;46.888942;3.467131
"927";"Lormes";"Ni%C3%A8vre";FALSE;47.289076;3.817653
"928";"Luzy";"Ni%C3%A8vre";FALSE;46.789103;3.96985
"929";"Moulins%20Engilbert";"Ni%C3%A8vre";FALSE;46.988137;3.809422
"930";"Nevers";"Ni%C3%A8vre";FALSE;46.990896;3.162845
"931";"Pougues%20les%20Eaux";"Ni%C3%A8vre";FALSE;47.072803;3.101573
"932";"Premery";"Ni%C3%A8vre";FALSE;47.175361;3.330424
"933";"St%20Benin%20D%27Azy";"Ni%C3%A8vre";FALSE;46.999749;3.392751
"934";"St%20Leger%20des%20Vignes";"Ni%C3%A8vre";FALSE;46.839172;3.451338
"935";"St%20Pierre%20le%20Moutier";"Ni%C3%A8vre";FALSE;46.790119;3.117429
"936";"St%20Saulge";"Ni%C3%A8vre";FALSE;47.103641;3.512025
"937";"Tannay";"Ni%C3%A8vre";FALSE;47.3666089;3.590982
"938";"Varzy";"Ni%C3%A8vre";FALSE;47.358735;3.388036
"939";"Allennes-Les-Marais";"Nord";FALSE;50.537157;2.952225
"940";"Annoeullin";"Nord";FALSE;50.529722;2.931557
"941";"Armentieres";"Nord";FALSE;50.691652;2.884218
"942";"Auby%20-Bauvin-%20Beuvry-la-for%C3%AAt";"Nord";FALSE;50.459349;3.286256
"943";"Bondues";"Nord";FALSE;50.709069;3.0996959
"944";"Comines";"Nord";FALSE;50.7650099;3.006234
"945";"Croix";"Nord";FALSE;50.67732;3.148719
"946";"Cuincy";"Nord";FALSE;50.382014;3.044337
"947";"Cysoing";"Nord";FALSE;50.567672;3.215868
"948";"Dechy";"Nord";FALSE;50.3535276;3.1255428
"949";"Douai%20%284%20centres%29";"Nord";FALSE;50.3758546;3.0136036
"950";"Estaires%2FLa%20Gorgue";"Nord";FALSE;50.6577363;2.6807624
"951";"Estrees";"Nord";FALSE;50.30103;3.071125
"952";"Faches%20Thumesnil";"Nord";FALSE;50.602642;3.06953
"953";"Ferin-sur-courchelettes";"Nord";FALSE;50.358092;3.0765043
"954";"Flers-en-Escrebieux";"Nord";FALSE;50.397772;3.061237
"955";"Flines-les-Raches";"Nord";FALSE;50.426894;3.182975
"956";"Guesnain";"Nord";FALSE;50.348584;3.147943
"957";"Halluin";"Nord";FALSE;50.782824;3.127845
"958";"Haubourdin";"Nord";FALSE;50.60953;2.984736
"959";"Hellemmes";"Nord";FALSE;50.6312585;3.1114773
"960";"Hem";"Nord";FALSE;50.654867;3.18881
"961";"La%20Bass%C3%A9e";"Nord";FALSE;50.539237;2.810181
"962";"La%20Madeleine";"Nord";FALSE;50.654836;3.073511
"963";"Lallaing";"Nord";FALSE;50.391058;3.169263
"964";"Lambersat";"Nord";FALSE;50.652468;3.026676
"965";"Lauwin%20Planque";"Nord";FALSE;50.390242;3.045871
"966";"Lesquin";"Nord";FALSE;50.590851;3.111239
"967";"Lewarde";"Nord";FALSE;50.336684;3.168224
"968";"Lezennes";"Nord";FALSE;50.614964;3.117055
"969";"Lille%20%2811%20centres%29";"Nord";FALSE;50.6546278;3.1189622
"970";"Linselles";"Nord";FALSE;50.739197;3.080101
"971";"Lomme";"Nord";FALSE;50.6464173;2.9853856
"972";"Lys-les-Lamois";"Nord";FALSE;50.3851246;3.2642436
"973";"Marchiennes";"Nord";FALSE;50.407869;3.28058
"974";"Marcq%20en%20Baroeul-%20Marquette";"Nord";FALSE;50.6863306;3.0762407
"975";"Mons%20en%20Baroeul";"Nord";FALSE;50.642006;3.107673
"976";"Montigny%20en%20Ostrevent";"Nord";FALSE;50.366481;3.186042
"977";"Mouvaux";"Nord";FALSE;50.702318;3.132008
"978";"Nieppe";"Nord";FALSE;50.7045167;2.8391839
"979";"Orchies";"Nord";FALSE;50.4745;3.2428
"980";"Ostricourt";"Nord";FALSE;50.454025;3.031247
"981";"Pecquencourt";"Nord";FALSE;50.375524;3.212056
"982";"Raimbeaucourt";"Nord";FALSE;50.440028;3.100906
"983";"Ronchin";"Nord";FALSE;50.605934;3.078683
"984";"Roncq";"Nord";FALSE;50.746301;3.115632
"985";"Roost%20Warandin";"Nord";FALSE;50.418593;3.102195
"986";"Roubaix%20%284%20centres%29";"Nord";FALSE;50.6376965;3.0676327
"987";"Sainghin-en-Weppes";"Nord";FALSE;50.562895;2.899697
"988";"Seclin";"Nord";FALSE;50.545332;3.026566
"989";"Sin-le-Noble";"Nord";FALSE;50.365851;3.114329
"990";"Templeuve";"Nord";FALSE;50.532278;3.171776
"991";"Tourcoing%20%284%20centres%29";"Nord";FALSE;50.3851246;3.2642436
"992";"Villeneuve-D%27ascq%20%282%20centres%29";"Nord";FALSE;50.6105422;3.2285951
"993";"Wahagnies";"Nord";FALSE;50.486398;3.03574
"994";"Wasquehal";"Nord";FALSE;50.669276;3.130782
"995";"Wattrelos%20%282%20centres%29";"Nord";FALSE;50.7027438;3.2181947
"996";"Wavrin";"Nord";FALSE;50.56928;2.9308709
"997";"WaziersMaraude%20%C3%A0%20Lille%20%28du%20lundi%20au%20vendredi%29";"Nord";FALSE;50.3851246;3.2642436
"998";"Auneuil";"Oise";FALSE;49.369749;2.00072
"999";"Beauvais";"Oise";FALSE;49.4295387;2.0807123
"1000";"Breteuil";"Oise";FALSE;49.6340519;2.29562
"1001";"Breuil%20Le%20Sec";"Oise";FALSE;49.375869;2.450619
"1002";"Bury";"Oise";FALSE;49.313173;2.342477
"1003";"Chaumont-en-Vexin";"Oise";FALSE;49.2621619;1.882324
"1004";"Compi%C3%A8gne";"Oise";FALSE;49.417816;2.826145
"1005";"Crevecoeur-Le-Grand";"Oise";FALSE;49.607696;2.076203
"1006";"Formerie";"Oise";FALSE;49.65046;1.729766
"1007";"Froissy";"Oise";FALSE;49.567255;2.221463
"1008";"Grandvilliers";"Oise";FALSE;49.665342;1.939705
"1009";"Guiscard";"Oise";FALSE;49.657427;3.052042
"1010";"La%20croix%20St%20Ouen";"Oise";FALSE;49.355285;2.786658
"1011";"Lassigny";"Oise";FALSE;49.587592;2.841003
"1012";"Longueil%20Annel";"Oise";FALSE;49.469048;2.86389
"1013";"Marseille%20en%20Beauvaisis";"Oise";FALSE;49.575536;1.955389
"1014";"Meru";"Oise";FALSE;49.236009;2.13544
"1015";"Noailles";"Oise";FALSE;49.3291969;2.2000768
"1016";"Noyon";"Oise";FALSE;49.580166;3.0007229
"1017";"Pont%20Ste%20Maxence";"Oise";FALSE;49.301412;2.6048429
"1018";"Ribecourt";"Oise";FALSE;49.4924061;2.9111476
"1019";"Thourotte";"Oise";FALSE;49.47858;2.883769
"1020";"Alen%C3%A7on";"Orne";FALSE;48.432856;0.091266
"1021";"Argentan";"Orne";FALSE;48.744001;-0.016566
"1022";"Gac%C3%A9";"Orne";FALSE;48.79582;0.295245
"1023";"Flers";"Orne";FALSE;48.750059;-0.575794
"1024";"La%20Fert%C3%A9%20Mac%C3%A9";"Orne";FALSE;48.589377;-0.356027
"1025";"L%27Aigle";"Orne";FALSE;48.764651;0.628715
"1026";"St%20Langis%20Les%20Mortagne";"Orne";FALSE;48.5124179;0.537417
"1027";"Allouagne";"Pas-de-Calais";FALSE;50.530996;2.505508
"1028";"Aire%20sur%20la%20Lys";"Pas-de-Calais";FALSE;50.638757;2.396187
"1029";"Annay%20sous%20Lens";"Pas-de-Calais";FALSE;50.423346;2.878997
"1030";"Annezin%20les%20B%C3%A9thune";"Pas-de-Calais";FALSE;50.5160005;2.6361806
"1031";"Auchel";"Pas-de-Calais";FALSE;50.50765;2.46916
"1032";"Auchy%20les%20mines";"Pas-de-Calais";FALSE;50.510693;2.785233
"1033";"Barlin";"Pas-de-Calais";FALSE;50.456766;2.616972
"1034";"B%C3%A9thune";"Pas-de-Calais";FALSE;50.531036;2.63926
"1035";"Beuvry";"Pas-de-Calais";FALSE;50.522368;2.680904
"1036";"Billy%20Berclau";"Pas-de-Calais";FALSE;50.520053;2.859659
"1037";"Billy%20Montigny";"Pas-de-Calais";FALSE;50.415238;2.906792
"1038";"Bruay%20la%20Buissi%C3%A8re";"Pas-de-Calais";FALSE;50.483113;2.543206
"1039";"Bully%20les%20Mines";"Pas-de-Calais";FALSE;50.446598;2.720937
"1040";"Calonne-Ricouart";"Pas-de-Calais";FALSE;50.488665;2.486084
"1041";"Carvin";"Pas-de-Calais";FALSE;50.491515;2.958107
"1042";"Courcelle%20les%20Lens";"Pas-de-Calais";FALSE;50.418241;3.018628
"1043";"Courri%C3%A8res";"Pas-de-Calais";FALSE;50.458378;2.946283
"1044";"Divion";"Pas-de-Calais";FALSE;50.472062;2.503804
"1045";"Dourges";"Pas-de-Calais";FALSE;50.43783;2.984979
"1046";"Douvrin";"Pas-de-Calais";FALSE;50.510541;2.83204
"1047";"Eleu%20dit%20Leauwette";"Pas-de-Calais";FALSE;50.415603;2.817175
"1048";"Estevelles";"Pas-de-Calais";FALSE;50.4775442;2.9106774
"1049";"Estree%20Blanche";"Pas-de-Calais";FALSE;50.59377;2.321288
"1050";"Evin%20Malmaison";"Pas-de-Calais";FALSE;50.438439;3.034047
"1051";"Fouqui%C3%A8res%20les%20Lens";"Pas-de-Calais";FALSE;50.429896;2.913182
"1052";"Grenay";"Pas-de-Calais";FALSE;50.449353;2.743681
"1053";"Gonnehem";"Pas-de-Calais";FALSE;50.561554;2.574082
"1054";"Haillicourt";"Pas-de-Calais";FALSE;50.474691;2.5843569
"1055";"Haisnes%20la%20Bass%C3%A9e";"Pas-de-Calais";FALSE;50.5039651;2.7751326
"1056";"Harnes";"Pas-de-Calais";FALSE;50.452176;2.909221
"1057";"Henin%20Beaumont";"Pas-de-Calais";FALSE;50.420087;2.94728
"1058";"Hersin%20Coupigny";"Pas-de-Calais";FALSE;50.449464;2.649828
"1059";"Houdain";"Pas-de-Calais";FALSE;50.454039;2.539116
"1060";"Hulluch";"Pas-de-Calais";FALSE;50.485235;2.817686
"1061";"Leforest";"Pas-de-Calais";FALSE;50.437822;3.062109
"1062";"Lens%20Dumas";"Pas-de-Calais";FALSE;50.4358763;2.788161
"1063";"Lens%20St%20Barbe";"Pas-de-Calais";FALSE;50.4261894;2.814951
"1064";"Libercourt";"Pas-de-Calais";FALSE;50.483457;3.003076
"1065";"Lievin";"Pas-de-Calais";FALSE;50.417921;2.775222
"1066";"Lillers";"Pas-de-Calais";FALSE;50.564129;2.4806309
"1067";"Loison%20sur%20Lens";"Pas-de-Calais";FALSE;50.4374156;2.8468976
"1068";"Loos%20en%20Gohelle";"Pas-de-Calais";FALSE;50.45791;2.792788
"1069";"Marles%20les%20Mines";"Pas-de-Calais";FALSE;50.501909;2.505802
"1070";"Mazingarbes";"Pas-de-Calais";FALSE;50.481089;2.67173
"1071";"Meurchin";"Pas-de-Calais";FALSE;50.494922;2.896783
"1072";"Montigny%20en%20Goelle";"Pas-de-Calais";FALSE;50.428189;2.9270679
"1073";"Noeux%20les%20mines";"Pas-de-Calais";FALSE;50.481212;2.662174
"1074";"Norrent%20Fontes";"Pas-de-Calais";FALSE;50.5845119;2.41101
"1075";"noyelles%20Godault";"Pas-de-Calais";FALSE;50.419942;2.994524
"1076";"Pont%20%C3%A0%20Vendin";"Pas-de-Calais";FALSE;50.478661;2.889669
"1077";"Sains%20en%20Gohelle";"Pas-de-Calais";FALSE;50.452309;2.683207
"1078";"St%20Venant";"Pas-de-Calais";FALSE;50.62391;2.548672
"1079";"Salluamines";"Pas-de-Calais";FALSE;50.421504;2.857594
"1080";"Vendins%20les%20B%C3%A9thune";"Pas-de-Calais";FALSE;50.541796;2.608593
"1081";"Vendin%20le%20vieil";"Pas-de-Calais";FALSE;50.475517;2.865986
"1082";"Verquin";"Pas-de-Calais";FALSE;50.501236;2.641838
"1083";"Violaines";"Pas-de-Calais";FALSE;50.540066;2.787382
"1084";"Wingles";"Pas-de-Calais";FALSE;50.494578;2.852404
"1085";"Ambert";"Puy-de-D%C3%B4me";FALSE;45.549532;3.739308
"1086";"Bourg%20lastic";"Puy-de-D%C3%B4me";FALSE;45.647838;2.558958
"1087";"Brassac%20les%20mines";"Puy-de-D%C3%B4me";FALSE;45.413829;3.330797
"1088";"Clermont%20Ferrand";"Puy-de-D%C3%B4me";FALSE;45.777222;3.087025
"1089";"Cournon%20d%27Auvergne";"Puy-de-D%C3%B4me";FALSE;45.741532;3.198177
"1090";"Courpiere";"Puy-de-D%C3%B4me";FALSE;45.754178;3.538632
"1091";"issoire";"Puy-de-D%C3%B4me";FALSE;45.54151;3.248128
"1092";"La%20Bourboule";"Puy-de-D%C3%B4me";FALSE;45.587241;2.738992
"1093";"La%20Combelle";"Puy-de-D%C3%B4me";FALSE;45.440081;3.308946
"1094";"Lezoux";"Puy-de-D%C3%B4me";FALSE;45.828422;3.379528
"1095";"Maringues";"Puy-de-D%C3%B4me";FALSE;45.921308;3.328281
"1096";"Pontgibaud";"Puy-de-D%C3%B4me";FALSE;45.831664;2.852928
"1097";"Pont%20du%20Ch%C3%A2teau";"Puy-de-D%C3%B4me";FALSE;45.796936;3.2485909
"1098";"Riom";"Puy-de-D%C3%B4me";FALSE;45.8939949;3.114932
"1099";"Rochefort";"Puy-de-D%C3%B4me";FALSE;45.930392;2.873898
"1100";"St%20Amand%20tallende";"Puy-de-D%C3%B4me";FALSE;45.669289;3.107825
"1101";"St%20Eloy%20les%20Mines";"Puy-de-D%C3%B4me";FALSE;46.161138;2.835108
"1102";"Thiers";"Puy-de-D%C3%B4me";FALSE;45.857907;3.545177
"1103";"Vic%20le%20Comte";"Puy-de-D%C3%B4me";FALSE;45.643476;3.243412
"1104";"Ahyerre";"Pyr%C3%A9n%C3%A9es-Atlantiques";FALSE;43.392112;-1.253503
"1105";"Anglet";"Pyr%C3%A9n%C3%A9es-Atlantiques";FALSE;43.481402;-1.514699
"1106";"Maul%C3%A9on";"Pyr%C3%A9n%C3%A9es-Atlantiques";FALSE;43.470373;-1.513858
"1107";"Mourenx";"Pyr%C3%A9n%C3%A9es-Atlantiques";FALSE;43.368262;-0.620552
"1108";"Oloron%20Ste%20Marie%20-Orthez";"Pyr%C3%A9n%C3%A9es-Atlantiques";FALSE;43.194413;-0.605292
"1109";"Pau";"Pyr%C3%A9n%C3%A9es-Atlantiques";FALSE;43.2951;-0.370797
"1110";"Salies%20de%20B%C3%A9arne";"Pyr%C3%A9n%C3%A9es-Atlantiques";FALSE;43.470556;-0.924854
"1111";"St%20Jean%20de%20Luz";"Pyr%C3%A9n%C3%A9es-Atlantiques";FALSE;43.388051;-1.663055
"1112";"St%20Jean%20Pied%20de%20Port";"Pyr%C3%A9n%C3%A9es-Atlantiques";FALSE;43.163141;-1.23811
"1113";"St%20Talais";"Pyr%C3%A9n%C3%A9es-Atlantiques";FALSE;43.327408;-1.032999
"1114";"Argeles%20Gazot";"Hautes-Pyr%C3%A9n%C3%A9es";FALSE;43.005028;-0.101087
"1115";"Arreau";"Hautes-Pyr%C3%A9n%C3%A9es";FALSE;42.904958;0.35926
"1116";"Bagn%C3%A8res%20de%20Bigorre";"Hautes-Pyr%C3%A9n%C3%A9es";FALSE;43.065093;0.1491049
"1117";"Borderes%20sur%20l%27Echez";"Hautes-Pyr%C3%A9n%C3%A9es";FALSE;43.258786;0.050739
"1118";"Lannemezan";"Hautes-Pyr%C3%A9n%C3%A9es";FALSE;43.125519;0.38396
"1119";"Lourdes";"Hautes-Pyr%C3%A9n%C3%A9es";FALSE;43.091463;-0.045726
"1120";"Luz%20St%20Sauveur";"Hautes-Pyr%C3%A9n%C3%A9es";FALSE;42.873542;-0.002869
"1121";"Semeac-%20Tarbes%20%282%20centres%20dont%201%20RestoB%C3%A9b%C3%A9%29";"Hautes-Pyr%C3%A9n%C3%A9es";FALSE;43.0193924;0.1494988
"1122";"Vic%20en%20Bigorre";"Hautes-Pyr%C3%A9n%C3%A9es";FALSE;43.386016;0.054424
"1123";"Am%C3%A9lie%20les%20Bains";"Pyr%C3%A9n%C3%A9es-Orientales";FALSE;42.4708259;2.6644884
"1124";"Banyuls%20dels%20Aspres";"Pyr%C3%A9n%C3%A9es-Orientales";FALSE;42.566686;2.865981
"1125";"Canet";"Pyr%C3%A9n%C3%A9es-Orientales";FALSE;42.706091;3.009898
"1126";"C%C3%A9ret";"Pyr%C3%A9n%C3%A9es-Orientales";FALSE;42.485952;2.748826
"1127";"Font%20Romeu";"Pyr%C3%A9n%C3%A9es-Orientales";FALSE;42.5182933;2.0322172
"1128";"Ille%20sur%20t%C3%AAt";"Pyr%C3%A9n%C3%A9es-Orientales";FALSE;42.670989;2.62125
"1129";"Matemale";"Pyr%C3%A9n%C3%A9es-Orientales";FALSE;42.587281;2.119207
"1130";"Maury";"Pyr%C3%A9n%C3%A9es-Orientales";FALSE;42.811253;2.593028
"1131";"Saint%20Andr%C3%A9";"Pyr%C3%A9n%C3%A9es-Orientales";FALSE;42.551997;2.970853
"1132";"Saint%20Cyprien";"Pyr%C3%A9n%C3%A9es-Orientales";FALSE;42.61783;3.004182
"1133";"Saint%20Laurent%20de%20la%20Salanque";"Pyr%C3%A9n%C3%A9es-Orientales";FALSE;42.773217;2.989793
"1134";"Osseja";"Pyr%C3%A9n%C3%A9es-Orientales";FALSE;42.415214;1.980758
"1135";"Perpignan%20Centre";"Pyr%C3%A9n%C3%A9es-Orientales";FALSE;42.6380527;2.9524949
"1136";"Perpignan%20Mailloles";"Pyr%C3%A9n%C3%A9es-Orientales";FALSE;42.6849879;2.8789111
"1137";"Perpignan%20Polygone%20Nord";"Pyr%C3%A9n%C3%A9es-Orientales";FALSE;42.7372056;2.8901388
"1138";"Perpignan%20St%20Assiscle";"Pyr%C3%A9n%C3%A9es-Orientales";FALSE;42.6937565;2.8701803
"1139";"Pia";"Pyr%C3%A9n%C3%A9es-Orientales";FALSE;42.746371;2.916621
"1140";"Port%20Vendres";"Pyr%C3%A9n%C3%A9es-Orientales";FALSE;42.518487;3.106592
"1141";"Prades";"Pyr%C3%A9n%C3%A9es-Orientales";FALSE;42.617718;2.423231
"1142";"Bischeim";"Bas-Rhin";FALSE;48.608714;7.767612
"1143";"Cronenbourg";"Bas-Rhin";FALSE;48.603653;7.734747
"1144";"Erstein";"Bas-Rhin";FALSE;48.42353;7.66326
"1145";"Haguenau";"Bas-Rhin";FALSE;48.813288;7.79125
"1146";"Hautepierre";"Bas-Rhin";FALSE;48.5951746;7.6977445
"1147";"lingolsheim";"Bas-Rhin";FALSE;48.554457;7.681749
"1148";"Meinau";"Bas-Rhin";FALSE;48.5496713;7.7515795
"1149";"Neuhof";"Bas-Rhin";FALSE;48.5411168;7.7714255
"1150";"Ostwald";"Bas-Rhin";FALSE;48.5434709;7.71023
"1151";"Robertsau";"Bas-Rhin";FALSE;48.6110495;7.798468
"1152";"Schiltigheim";"Bas-Rhin";FALSE;48.605226;7.748453
"1153";"Selestat";"Bas-Rhin";FALSE;48.259386;7.454241
"1154";"Wasselonne";"Bas-Rhin";FALSE;48.637701;7.444554
"1155";"Broque";"Bas-Rhin";FALSE;48.47374;7.211801
"1156";"Saverne";"Bas-Rhin";FALSE;48.741963;7.361647
"1157";"Cernay";"Haut-Rhin";FALSE;47.807124;7.176532
"1158";"Colmar";"Haut-Rhin";FALSE;48.0793589;7.358512
"1159";"Liepvre";"Haut-Rhin";FALSE;48.271035;7.282129
"1160";"Masevaux%20Mulhouse";"Haut-Rhin";FALSE;47.7687329;7.0054577
"1161";"Munster";"Haut-Rhin";FALSE;48.041385;7.137154
"1162";"Neuf%20Brisach";"Haut-Rhin";FALSE;48.018091;7.530145
"1163";"Orbey";"Haut-Rhin";FALSE;48.126275;7.16026
"1164";"Rouffach";"Haut-Rhin";FALSE;47.957064;7.299417
"1165";"St%20Amarin";"Haut-Rhin";FALSE;47.873919;7.031154
"1166";"Saint%20Louis";"Haut-Rhin";FALSE;47.5859949;7.563934
"1167";"Sainte%20Croix%20aux%20Mines";"Haut-Rhin";FALSE;48.2624604;7.2261398
"1168";"Sainte%20Marie%20aux%20mines";"Haut-Rhin";FALSE;48.2457179;7.182224
"1169";"Seppoins%20le%20bas";"Haut-Rhin";FALSE;47.536374;7.17609
"1170";"Soultz";"Haut-Rhin";FALSE;47.886349;7.229983
"1171";"Thann";"Haut-Rhin";FALSE;47.810702;7.102382
"1172";"Wittenheim";"Haut-Rhin";FALSE;47.81077;7.339439
"1173";"L%27Arbresle";"Rh%C3%B4ne";FALSE;45.834999;4.614934
"1174";"Beaujeu";"Rh%C3%B4ne";FALSE;46.158237;4.580456
"1175";"Brignais";"Rh%C3%B4ne";FALSE;45.674944;4.7525639
"1176";"Bron";"Rh%C3%B4ne";FALSE;45.733316;4.911927
"1177";"Decines";"Rh%C3%B4ne";FALSE;45.771896;4.955991
"1178";"Oullins";"Rh%C3%B4ne";FALSE;45.711926;4.80066
"1179";"Givors%20Grigny";"Rh%C3%B4ne";FALSE;45.6010168;4.7886395
"1180";"Lyon%20Perrache";"Rh%C3%B4ne";FALSE;45.749532;4.82681
"1181";"Lyon%20Croix%20Rousse%20Caluire";"Rh%C3%B4ne";FALSE;45.7791709;4.8267758
"1182";"Lyon%20Jean%20Mac%C3%A9";"Rh%C3%B4ne";FALSE;45.745727;4.842122
"1183";"Lyon%20Gorge%20du%20Loup";"Rh%C3%B4ne";FALSE;45.766224;4.805008
"1184";"La%20Duchere";"Rh%C3%B4ne";FALSE;45.7857793;4.7943115
"1185";"Meyzieu";"Rh%C3%B4ne";FALSE;45.766821;5.003658
"1186";"Neuville%20sur%20Sa%C3%B4ne";"Rh%C3%B4ne";FALSE;45.876133;4.8410209
"1187";"Pierre%20Benite";"Rh%C3%B4ne";FALSE;45.703204;4.824651
"1188";"Rillieux%20la%20pape";"Rh%C3%B4ne";FALSE;45.819655;4.897126
"1189";"St%20Fons";"Rh%C3%B4ne";FALSE;45.708874;4.853374
"1190";"St%20Priest";"Rh%C3%B4ne";FALSE;45.698938;4.947071
"1191";"St%20Symphorien%20sur%20Coise";"Rh%C3%B4ne";FALSE;45.636092;4.459054
"1192";"Tarare";"Rh%C3%B4ne";FALSE;45.89676;4.433425
"1193";"Vaux%20en%20Velin";"Rh%C3%B4ne";FALSE;45.782029;4.922661
"1194";"Venissieux";"Rh%C3%B4ne";FALSE;45.699594;4.8844649
"1195";"Villefranche";"Rh%C3%B4ne";FALSE;45.991471;4.718821
"1196";"Villeurbanne";"Rh%C3%B4ne";FALSE;45.771944;4.8901709
"1197";"Gray";"Haute-Sa%C3%B4ne";FALSE;47.445824;5.592354
"1198";"H%C3%A9ricourt";"Haute-Sa%C3%B4ne";FALSE;47.57524;6.758916
"1199";"Jussey";"Haute-Sa%C3%B4ne";FALSE;47.826067;5.903272
"1200";"Lure";"Haute-Sa%C3%B4ne";FALSE;47.686417;6.494274
"1201";"Luxeuil%20les%20Bains";"Haute-Sa%C3%B4ne";FALSE;47.8168409;6.381111
"1202";"Port%20sur%20Sa%C3%B4ne";"Haute-Sa%C3%B4ne";FALSE;47.688693;6.042595
"1203";"Rioz";"Haute-Sa%C3%B4ne";FALSE;47.425273;6.069263
"1204";"Ronchamp";"Haute-Sa%C3%B4ne";FALSE;47.700254;6.633119
"1205";"St%20Loup%20sur%20Semouse";"Haute-Sa%C3%B4ne";FALSE;47.884818;6.273477
"1206";"Vauvillers";"Haute-Sa%C3%B4ne";FALSE;47.922171;6.098173
"1207";"Vesoul%20Montmarin";"Haute-Sa%C3%B4ne";FALSE;47.6346536;6.1664577
"1208";"Vesoul%20rue%20Lafayette";"Haute-Sa%C3%B4ne";FALSE;47.622009;6.150385
"1209";"Villersexel";"Haute-Sa%C3%B4ne";FALSE;47.551021;6.432211
"1210";"Autun";"Sa%C3%B4ne-et-Loire";FALSE;46.950914;4.301565
"1211";"Bourbon%20lancy";"Sa%C3%B4ne-et-Loire";FALSE;46.61921;3.773899
"1212";"Chalon%20sur%20Sa%C3%B4ne";"Sa%C3%B4ne-et-Loire";FALSE;46.780764;4.853947
"1213";"Chagny";"Sa%C3%B4ne-et-Loire";FALSE;46.910567;4.753218
"1214";"Charolles";"Sa%C3%B4ne-et-Loire";FALSE;46.435442;4.277004
"1215";"Chaufailles";"Sa%C3%B4ne-et-Loire";FALSE;46.207548;4.338252
"1216";"Cluny";"Sa%C3%B4ne-et-Loire";FALSE;46.428968;4.664555
"1217";"Cuisery";"Sa%C3%B4ne-et-Loire";FALSE;46.559265;5.000233
"1218";"Digoin";"Sa%C3%B4ne-et-Loire";FALSE;46.480798;3.979376
"1219";"Genelard";"Sa%C3%B4ne-et-Loire";FALSE;46.580891;4.234403
"1220";"Le%20Creusot";"Sa%C3%B4ne-et-Loire";FALSE;46.805351;4.4278
"1221";"louhans";"Sa%C3%B4ne-et-Loire";FALSE;46.628291;5.223371
"1222";"Macon";"Sa%C3%B4ne-et-Loire";FALSE;46.3068839;4.828731
"1223";"Marcigny";"Sa%C3%B4ne-et-Loire";FALSE;46.274249;4.041919
"1224";"Montceau%20les%20Mines";"Sa%C3%B4ne-et-Loire";FALSE;46.67413;4.362979
"1225";"Montchanin";"Sa%C3%B4ne-et-Loire";FALSE;46.748342;4.469799
"1226";"Paray%20le%20Monial";"Sa%C3%B4ne-et-Loire";FALSE;46.452222;4.120665
"1227";"Torcy";"Sa%C3%B4ne-et-Loire";FALSE;46.769682;4.452304
"1228";"Verdun%20sur%20le%20Doubs%20-";"Sa%C3%B4ne-et-Loire";FALSE;46.898833;5.022513
"1229";"Allonnes";"Sarthe";FALSE;47.968893;0.159363
"1230";"Bonnetable";"Sarthe";FALSE;48.178847;0.424766
"1231";"Chateau%20du%20loir";"Sarthe";FALSE;47.692668;0.418068
"1232";"Connerre";"Sarthe";FALSE;48.060283;0.493572
"1233";"Coulaines";"Sarthe";FALSE;48.023031;0.200556
"1234";"La%20Fert%C3%A9%20Bernard";"Sarthe";FALSE;48.185934;0.655979
"1235";"La%20Suze";"Sarthe";FALSE;47.891655;0.026584
"1236";"Le%20Mans";"Sarthe";FALSE;48.00611;0.199556
"1237";"Maillets";"Sarthe";FALSE;48.0147886;0.2109946
"1238";"Le%20Mans%20Pontlieue";"Sarthe";FALSE;47.9825181;0.2109821
"1239";"Mamers";"Sarthe";FALSE;48.347607;0.36733
"1240";"Parigne%20l%27%C3%A9v%C3%AAque";"Sarthe";FALSE;47.937377;0.367055
"1241";"Oize";"Sarthe";FALSE;47.809683;0.103687
"1242";"St%20Calais";"Sarthe";FALSE;47.920883;0.744722
"1243";"Aix%20les%20bains";"Savoie";FALSE;45.692341;5.908998
"1244";"Albertville";"Savoie";FALSE;45.675535;6.392726
"1245";"Chamb%C3%A9ry";"Savoie";FALSE;45.564601;5.917781
"1246";"Chindrieux";"Savoie";FALSE;45.821754;5.851374
"1247";"Modane";"Savoie";FALSE;45.201491;6.67292
"1248";"Moutiers";"Savoie";FALSE;45.484615;6.529926
"1249";"St%20Etienne%20de%20Cuines";"Savoie";FALSE;45.3421949;6.291438
"1250";"la%20Ravoire";"Savoie";FALSE;45.556935;5.971688
"1251";"St%20Julien%20Mont%20Denis";"Savoie";FALSE;45.255932;6.404084
"1252";"St%20Pierre%20d%27Albigny";"Savoie";FALSE;45.569489;6.154183
"1253";"Annecy";"Haute-Savoie";FALSE;45.899247;6.129384
"1254";"Rumilly";"Haute-Savoie";FALSE;45.867137;5.942357
"1255";"Thonon";"Haute-Savoie";FALSE;46.373565;6.477635
"1256";"Cluses";"Haute-Savoie";FALSE;46.06039;6.580582
"1257";"Annemasse";"Haute-Savoie";FALSE;46.193253;6.234158
"1258";"Faverges";"Haute-Savoie";FALSE;45.74702;6.293547
"1259";"5%20impasse%20Cesselin%2075011";"Paris";FALSE;48.8517283;2.3852713
"1260";"10%20rue%20Julia%20Bartet%2075014";"Paris";FALSE;48.8271712;2.3045427
"1261";"17%20rue%20d%20Alleray%2075015";"Paris";FALSE;48.8379374;2.3015492
"1262";"11%20rue%20du%20Pre%2075018";"Paris";FALSE;48.8973922;2.3609586
"1263";"15%20avenue%20de%20la%20porte%20de%20la%20Villette%2075019";"Paris";FALSE;48.8993004;2.38693
"1264";"29%20rue%20du%20Soleil%2075020";"Paris";FALSE;48.8743242;2.395265
"1265";"Barentin";"Seine-Maritime";FALSE;49.543453;0.95813
"1266";"Caudebec%20les%20elbeuf";"Seine-Maritime";FALSE;49.283282;1.018033
"1267";"Forges%20les%20eaux";"Seine-Maritime";FALSE;49.613311;1.545886
"1268";"Gaillefontaine";"Seine-Maritime";FALSE;49.653321;1.614576
"1269";"Le%20trait";"Seine-Maritime";FALSE;49.486557;0.804422
"1270";"Oissel";"Seine-Maritime";FALSE;49.339778;1.08978
"1271";"Pavilly";"Seine-Maritime";FALSE;49.572372;0.949614
"1272";"Rouen%20rive%20droite";"Seine-Maritime";FALSE;49.448962;1.094123
"1273";"Rouen%20rive%20gauche";"Seine-Maritime";FALSE;49.922992;1.077483
"1274";"Yvetot";"Seine-Maritime";FALSE;49.617779;0.755212
"1275";"Neufchatel%20en%20Bray";"Seine-Maritime";FALSE;49.732771;1.441891
"1276";"Totes";"Seine-Maritime";FALSE;49.680262;1.0442769
"1277";"St%20Saens";"Seine-Maritime";FALSE;49.673338;1.283631
"1278";"Avon";"Seine-et-Marne";FALSE;48.404839;2.720733
"1279";"bray%20sur%20Seine";"Seine-et-Marne";FALSE;48.415097;3.239486
"1280";"Brie%20comte%20Robert";"Seine-et-Marne";FALSE;48.6912267;2.6103697
"1281";"Nangis";"Seine-et-Marne";FALSE;48.554611;3.013535
"1282";"Champagne%20sur%20Seine";"Seine-et-Marne";FALSE;48.399431;2.797807
"1283";"Champ%20sur%20marne";"Seine-et-Marne";FALSE;48.843046;2.581876
"1284";"Combs%20la%20ville";"Seine-et-Marne";FALSE;48.66602;2.55769
"1285";"Coulommiers";"Seine-et-Marne";FALSE;48.813071;3.083497
"1286";"Dammarie%20les%20lys";"Seine-et-Marne";FALSE;48.515451;2.634831
"1287";"Ecueles%2FMoret";"Seine-et-Marne";FALSE;48.3359949;2.7902999
"1288";"Esbly%20-La%20ferte%20Sous%20Jouarre";"Seine-et-Marne";FALSE;48.92697;3.130026
"1289";"Lagny%20sur%20marne";"Seine-et-Marne";FALSE;48.87296;2.713016
"1290";"Le%20mee%20sur%20seine%20-Lizy%20sur%20Ourcq";"Seine-et-Marne";FALSE;48.841082;2.999366
"1291";"Meaux%20Argonne%20Meaux%20Foch";"Seine-et-Marne";FALSE;48.841082;2.999366
"1292";"Melun%20Lavoisier";"Seine-et-Marne";FALSE;48.5505494;2.6694101
"1293";"Melun%20Peguy";"Seine-et-Marne";FALSE;48.5512898;2.6572593
"1294";"Moissy%20Cramayel";"Seine-et-Marne";FALSE;48.627158;2.593706
"1295";"Montereau";"Seine-et-Marne";FALSE;48.384734;2.956193
"1296";"Nancgis";"Seine-et-Marne";FALSE;48.554611;3.013535
"1297";"Nemours";"Seine-et-Marne";FALSE;48.267043;2.692611
"1298";"Ozoir%20la%20ferri%C3%A8re";"Seine-et-Marne";FALSE;48.763827;2.671739
"1299";"pontault%20Combault";"Seine-et-Marne";FALSE;48.801255;2.607598
"1300";"Provins";"Seine-et-Marne";FALSE;48.560149;3.299203
"1301";"Roissy%20en%20Brie";"Seine-et-Marne";FALSE;48.7904005;2.656802
"1302";"Saint%20Mard";"Seine-et-Marne";FALSE;49.040614;2.702097
"1303";"Savigny%20le%20temple";"Seine-et-Marne";FALSE;48.59586;2.580987
"1304";"Torcy";"Seine-et-Marne";FALSE;48.850572;2.654472
"1305";"Tournan%20en%20Brie";"Seine-et-Marne";FALSE;48.7398899;2.7657824
"1306";"Vers%20St%20Denis";"Seine-et-Marne";FALSE;48.841082;2.999366
"1307";"Villeparisis";"Seine-et-Marne";FALSE;48.938315;2.614385
"1308";"Beynes";"Yvelines";FALSE;48.852845;1.874855
"1309";"Bois%20d%27Arcy";"Yvelines";FALSE;48.80598;2.022188
"1310";"Bonni%C3%A8res";"Yvelines";FALSE;49.037452;1.578521
"1311";"Chanteloup%20les%20vignes";"Yvelines";FALSE;48.978825;2.030051
"1312";"Les%20Clayes%20sous%20bois";"Yvelines";FALSE;48.82342;1.976374
"1313";"Conflans%20Ste%20Honorine";"Yvelines";FALSE;49.000275;2.09178
"1314";"Elancourt";"Yvelines";FALSE;48.782907;1.960077
"1315";"Houdan";"Yvelines";FALSE;48.789808;1.601126
"1316";"Limay";"Yvelines";FALSE;48.992181;1.735384
"1317";"Magny%20les%20hameaux";"Yvelines";FALSE;48.741829;2.053208
"1318";"Mantes%20la%20jolie";"Yvelines";FALSE;48.989323;1.714958
"1319";"Mantes%20la%20ville";"Yvelines";FALSE;48.978154;1.713371
"1320";"Maurecourt";"Yvelines";FALSE;48.996211;2.06347
"1321";"Meulan";"Yvelines";FALSE;49.008107;1.916319
"1322";"Les%20Mureaux";"Yvelines";FALSE;48.990181;1.912178
"1323";"Plaisir";"Yvelines";FALSE;48.817223;1.949075
"1324";"Poissy";"Yvelines";FALSE;48.929584;2.046982
"1325";"Rambouillet";"Yvelines";FALSE;48.643868;1.829079
"1326";"Saint%20Cyr%20l%27Ecole";"Yvelines";FALSE;48.806421;2.0657
"1327";"Trappes";"Yvelines";FALSE;48.776731;2.001844
"1328";"Triel%20sur%20Seine";"Yvelines";FALSE;48.989382;2.005531
"1329";"Vaux%20sur%20Seine";"Yvelines";FALSE;49.009778;1.965047
"1330";"Vernouillet";"Yvelines";FALSE;48.973699;1.983023
"1331";"La%20Verri%C3%A8re";"Yvelines";FALSE;48.7550809;1.949322
"1332";"Bressuire";"Deux-S%C3%A8vres";FALSE;46.84246;-0.492866
"1333";"Brioux%20sur%20Boutonne";"Deux-S%C3%A8vres";FALSE;46.141353;-0.220058
"1334";"Celles%20sur%20Belle";"Deux-S%C3%A8vres";FALSE;46.260198;-0.213111
"1335";"Cerizay";"Deux-S%C3%A8vres";FALSE;46.820776;-0.669988
"1336";"Champdeniers";"Deux-S%C3%A8vres";FALSE;46.484133;-0.405731
"1337";"Chef%20Boutonne";"Deux-S%C3%A8vres";FALSE;46.110408;-0.073412
"1338";"Coulonges%20sur%20l%27Autize";"Deux-S%C3%A8vres";FALSE;46.481744;-0.59951
"1339";"Frontenay%20Rohan%20Rohan";"Deux-S%C3%A8vres";FALSE;46.25392;-0.539758
"1340";"La%20cr%C3%A8che";"Deux-S%C3%A8vres";FALSE;46.3630629;-0.298512
"1341";"La%20Motte%20St%20heray";"Deux-S%C3%A8vres";FALSE;46.360621;-0.112998
"1342";"Lezay";"Deux-S%C3%A8vres";FALSE;46.266052;-0.011459
"1343";"Mauze";"Deux-S%C3%A8vres";FALSE;46.197161;-0.671085
"1344";"Melle";"Deux-S%C3%A8vres";FALSE;46.223492;-0.142904
"1345";"Niort";"Deux-S%C3%A8vres";FALSE;46.323716;-0.464777
"1346";"Niort%20Horizon";"Deux-S%C3%A8vres";FALSE;46.298046;-0.496633
"1347";"Niort%20Eclaircie";"Deux-S%C3%A8vres";FALSE;46.5926541;-0.3962844
"1348";"Parthenay";"Deux-S%C3%A8vres";FALSE;46.648825;-0.251441
"1349";"St%20Maixent%20l%27%C3%A9cole-%20Sauze%20Vaussais";"Deux-S%C3%A8vres";FALSE;46.135241;0.105406
"1350";"Secondigny";"Deux-S%C3%A8vres";FALSE;46.610622;-0.419677
"1351";"Thouars";"Deux-S%C3%A8vres";FALSE;46.976154;-0.216803
"1352";"Abbeville";"Somme";FALSE;50.105467;1.836833
"1353";"Airaines";"Somme";FALSE;49.965672;1.9431
"1354";"Bambins";"Somme";FALSE;49.914518;2.2707095
"1355";"Bebes";"Somme";FALSE;49.914518;2.2707095
"1356";"Cl%C3%A9menceau";"Somme";FALSE;50.1088155;1.8347049
"1357";"Corbie";"Somme";FALSE;49.907676;2.511947
"1358";"Doullens";"Somme";FALSE;50.157413;2.341069
"1359";"Fressenville";"Somme";FALSE;50.067199;1.574337
"1360";"Fafet";"Somme";FALSE;49.6494685;2.5822565
"1361";"Etouvie";"Somme";FALSE;49.9136615;2.2488395
"1362";"Gamaches";"Somme";FALSE;49.985833;1.559647
"1363";"Montdidier";"Somme";FALSE;49.647007;2.566932
"1364";"Moreuil";"Somme";FALSE;49.772312;2.483254
"1365";"Peronne";"Somme";FALSE;49.933071;2.933353
"1366";"Vascosan";"Somme";FALSE;49.8871494;2.3084024
"1367";"Albert";"Somme";FALSE;50.001357;2.651604
"1368";"Blangy";"Somme";FALSE;49.766536;2.003617
"1369";"Boves";"Somme";FALSE;49.845461;2.390545
"1370";"Conty";"Somme";FALSE;49.740625;2.152483
"1371";"le%20Crotoy";"Somme";FALSE;50.214728;1.626152
"1372";"Flesselles";"Somme";FALSE;50.00312;2.260022
"1373";"Flixecourt";"Somme";FALSE;50.014896;2.08107
"1374";"Pont%20Remy%20-Rosi%C3%A8res%20en%20santerre";"Somme";FALSE;49.914518;2.2707095
"1375";"Ham";"Somme";FALSE;49.74845;3.072472
"1376";"Roye";"Somme";FALSE;49.697797;2.788831
"1377";"Nesles";"Somme";FALSE;49.757425;2.910174
"1378";"Poix%20de%20Picardie";"Somme";FALSE;49.775453;1.98463
"1379";"Roisel";"Somme";FALSE;49.9465999;3.097787
"1380";"St%20Leger%20les%20Domarts";"Somme";FALSE;50.052861;2.140187
"1381";"Vignacourt";"Somme";FALSE;50.01231;2.197293
"1382";"Albi-%20Carmaux";"Tarn";FALSE;44.032401;2.1573642
"1383";"Castres";"Tarn";FALSE;43.606214;2.241295
"1384";"Gaillac";"Tarn";FALSE;43.9018159;1.896506
"1385";"Graulhet";"Tarn";FALSE;43.759597;1.988911
"1386";"Labruguiere";"Tarn";FALSE;43.539641;2.263037
"1387";"Lacaune";"Tarn";FALSE;43.70736;2.691618
"1388";"Lavaur";"Tarn";FALSE;43.699185;1.820699
"1389";"Mazamet";"Tarn";FALSE;43.490103;2.376579
"1390";"St%20Juery";"Tarn";FALSE;43.9492679;2.211335
"1391";"St%20Sulpice";"Tarn";FALSE;43.771216;1.6867836
"1392";"Brassac";"Tarn";FALSE;43.629676;2.497829
"1393";"Beaumont%20de%20Lomagne";"Tarn-et-Garonne";FALSE;43.88331;0.988511
"1394";"Caussade";"Tarn-et-Garonne";FALSE;44.157997;1.542131
"1395";"Castelsarrasin";"Tarn-et-Garonne";FALSE;44.039889;1.107132
"1396";"Caylus";"Tarn-et-Garonne";FALSE;44.235841;1.771856
"1397";"Grisolles";"Tarn-et-Garonne";FALSE;43.827086;1.29701
"1398";"Lafran%C3%A7aise";"Tarn-et-Garonne";FALSE;44.125763;1.2404139
"1399";"Lauzerte";"Tarn-et-Garonne";FALSE;44.255565;1.137856
"1400";"Moissac";"Tarn-et-Garonne";FALSE;44.104852;1.08468
"1401";"Montclar%20de%20Quercy";"Tarn-et-Garonne";FALSE;43.966729;1.584134
"1402";"Montaigu%20de%20Quercy";"Tarn-et-Garonne";FALSE;44.341344;1.018066
"1403";"Montauban";"Tarn-et-Garonne";FALSE;44.0221252;1.3529599
"1404";"Montech";"Tarn-et-Garonne";FALSE;43.957295;1.228583
"1405";"Negreplisse";"Tarn-et-Garonne";FALSE;44.0754329;1.521964
"1406";"St%20Antonin";"Tarn-et-Garonne";FALSE;44.0375609;1.408528
"1407";"St%20Etienne%20de%20Tulmont";"Tarn-et-Garonne";FALSE;44.0483819;1.46122
"1408";"Septfonds";"Tarn-et-Garonne";FALSE;44.178874;1.6182319
"1409";"Verdun%20sur%20Garonne";"Tarn-et-Garonne";FALSE;43.854134;1.235576
"1410";"Villebrumier";"Tarn-et-Garonne";FALSE;43.907399;1.452623
"1411";"Barjols";"Var";FALSE;43.557156;6.00775
"1412";"Brignoles";"Var";FALSE;43.40655;6.061187
"1413";"Cuers";"Var";FALSE;43.237875;6.0721999
"1414";"Draguignan";"Var";FALSE;43.5377269;6.464993
"1415";"Fr%C3%A9jus";"Var";FALSE;43.433152;6.737034
"1416";"Grimaud";"Var";FALSE;43.274308;6.521865
"1417";"Hyeres";"Var";FALSE;43.120541;6.128639
"1418";"La%20Crau";"Var";FALSE;43.147764;6.073127
"1419";"La%20Garde";"Var";FALSE;43.128777;6.017199
"1420";"La%20Londe";"Var";FALSE;43.138622;6.235208
"1421";"Le%20Cannet";"Var";FALSE;43.384445;6.3891669
"1422";"Le%20Lavandou";"Var";FALSE;43.138042;6.368436
"1423";"Le%20Muy";"Var";FALSE;43.472036;6.566575
"1424";"Sanary%20sur%20mer";"Var";FALSE;43.118021;5.801435
"1425";"Six%20Fours%20les%20Plages";"Var";FALSE;43.093062;5.839225
"1426";"Toulon";"Var";FALSE;43.124228;5.928
"1427";"La%20Valette";"Var";FALSE;43.438194;6.646602
"1428";"La%20Seyne";"Var";FALSE;43.102976;5.878219
"1429";"Salernes";"Var";FALSE;43.563768;6.231328
"1430";"Apt";"Vaucluse";FALSE;43.876452;5.395439
"1431";"Avignon%20la%20Cabri%C3%A8re";"Vaucluse";FALSE;43.927717;4.812928
"1432";"Avignon%20Coubertin";"Vaucluse";FALSE;43.930472;4.8432924
"1433";"Avignon%20Gare%20routi%C3%A8re";"Vaucluse";FALSE;44.0565054;5.1432068
"1434";"Bollene";"Vaucluse";FALSE;44.2811484;4.75331
"1435";"Carpentras";"Vaucluse";FALSE;44.0555639;5.048722
"1436";"Le%20Pontet";"Vaucluse";FALSE;43.9591489;4.863831
"1437";"l%27Isle%20sur%20la%20sorgue";"Vaucluse";FALSE;43.91419;5.057106
"1438";"Mazan%20Mormoiron";"Vaucluse";FALSE;44.0531757;5.1474331
"1439";"Orange";"Vaucluse";FALSE;44.1380989;4.807511
"1440";"Pernes%20les%20Fontaines";"Vaucluse";FALSE;43.9984783;5.0549027
"1441";"Pertuis";"Vaucluse";FALSE;43.694275;5.501843
"1442";"Vaison%20la%20Romaine";"Vaucluse";FALSE;44.240968;5.075198
"1443";"Valreas";"Vaucluse";FALSE;44.383724;4.989187
"1444";"Chantonnay";"Vend%C3%A9e";FALSE;46.6870819;-1.050176
"1445";"Fontenay%20le%20Comte";"Vend%C3%A9e";FALSE;46.465972;-0.8065
"1446";"La%20Ch%C3%A2taigneraie";"Vend%C3%A9e";FALSE;46.6491929;-0.7398749
"1447";"La%20Roche-sur-Yon";"Vend%C3%A9e";FALSE;46.670511;-1.426442
"1448";"Les%20Achards";"Vend%C3%A9e";FALSE;46.695596;-1.933059
"1449";"Les%20Herbiers";"Vend%C3%A9e";FALSE;46.86919;-1.013388
"1450";"Lu%C3%A7on";"Vend%C3%A9e";FALSE;46.454772;-1.167062
"1451";"Montaigu";"Vend%C3%A9e";FALSE;46.974347;-1.313777
"1452";"Noirmoutier";"Vend%C3%A9e";FALSE;47.001143;-2.247107
"1453";"Les%20Olonnes";"Vend%C3%A9e";FALSE;46.6655974;-1.4644546
"1454";"Saint%20Hilaire-de-Riez";"Vend%C3%A9e";FALSE;46.720204;-1.945917
"1455";"Ch%C3%A2tellerault";"Vienne";FALSE;46.816487;0.548146
"1456";"Civray";"Vienne";FALSE;46.148901;0.295258
"1457";"Couhe";"Vienne";FALSE;46.298842;0.181005
"1458";"Dissay";"Vienne";FALSE;46.700301;0.430684
"1459";"Gencay";"Vienne";FALSE;46.374538;0.403719
"1460";"Latille";"Vienne";FALSE;46.619104;0.075794
"1461";"Loudun";"Vienne";FALSE;47.0089674;0.083183
"1462";"Marigny-Brizay";"Vienne";FALSE;46.745201;0.3768619
"1463";"Maupr%C3%A9voir";"Vienne";FALSE;46.172497;0.516516
"1464";"Mirebeau";"Vienne";FALSE;46.786452;0.181821
"1465";"Montmorillon";"Vienne";FALSE;46.424899;0.868048
"1466";"Poitiers%20%283%20centres%20%29";"Vienne";FALSE;46.6276159;0.31141
"1467";"Saint%20Julien%20l%27Ars";"Vienne";FALSE;46.558357;0.506634
"1468";"Bellac";"Haute-Vienne";FALSE;46.122228;1.051593
"1469";"Bessines";"Haute-Vienne";FALSE;46.109223;1.3689119
"1470";"Ch%C3%A2teauponsac";"Haute-Vienne";FALSE;46.132886;1.276476
"1471";"Eymoutiers";"Haute-Vienne";FALSE;45.738677;1.742153
"1472";"Limoges";"Haute-Vienne";FALSE;45.833619;1.261105
"1473";"St%20Junien";"Haute-Vienne";FALSE;45.88716;0.901165
"1474";"St%20L%C3%A9onard%20de%20Noblat";"Haute-Vienne";FALSE;45.8367;1.486205
"1475";"St%20Yrieix%20la%20Perche";"Haute-Vienne";FALSE;45.512429;1.2036579
"1476";"Bains%20les%20Bains%20-Bruy%C3%A8res";"Vosges";FALSE;48.001416;6.26457
"1477";"Charmes";"Vosges";FALSE;48.372278;6.293253
"1478";"Chatenois";"Vosges";FALSE;48.302734;5.833749
"1479";"Corcieux";"Vosges";FALSE;48.1726979;6.878435
"1480";"Damas%20et%20Bettegney%20-Darney";"Vosges";FALSE;48.211239;6.262406
"1481";"Epinal";"Vosges";FALSE;48.172402;6.449403
"1482";"Fraize";"Vosges";FALSE;48.18498;7.002133
"1483";"La%20Bresse";"Vosges";FALSE;48.003953;6.873675
"1484";"Mirecourt";"Vosges";FALSE;48.302176;6.133863
"1485";"Neufchateau";"Vosges";FALSE;48.354965;5.694596
"1486";"Nomexy";"Vosges";FALSE;48.306874;6.382035
"1487";"Rambervilliers";"Vosges";FALSE;48.346528;6.635376
"1488";"Raon%20l%27Etape";"Vosges";FALSE;48.4072699;6.843762
"1489";"St%20Di%C3%A9";"Vosges";FALSE;48.281521;6.951746
"1490";"St%20Etienne%20les%20Remiremont";"Vosges";FALSE;48.019852;6.610639
"1491";"St%20Maurice";"Vosges";FALSE;47.858875;6.825815
"1492";"Thaon";"Vosges";FALSE;48.250554;6.419186
"1493";"Vagney";"Vosges";FALSE;48.008741;6.716075
"1494";"Vittel";"Vosges";FALSE;48.2025406;5.9434965
"1495";"Xonrupt";"Vosges";FALSE;48.081578;6.925508
"1496";"Moyenmoutier";"Vosges";FALSE;48.379408;6.912482
"1497";"Senones";"Vosges";FALSE;48.395088;6.981525
"1498";"Ramonchamp";"Vosges";FALSE;47.891242;6.738688
"1499";"Auxerre";"Yonne";FALSE;47.798202;3.573781
"1500";"Avallon";"Yonne";FALSE;47.48822;3.907722
"1501";"Chargny";"Yonne";FALSE;47.883446;3.0964839
"1502";"J%20Courlon";"Yonne";FALSE;48.339502;3.166734
"1503";"Joigny";"Yonne";FALSE;47.981432;3.398961
"1504";"Migennes";"Yonne";FALSE;47.964727;3.513134
"1505";"Sens";"Yonne";FALSE;48.20065;3.28268
"1506";"St%20Florentin";"Yonne";FALSE;48.000552;3.729512
"1507";"St%20Fargeau";"Yonne";FALSE;47.641578;3.070853
"1508";"St%20Val%C3%A9rien";"Yonne";FALSE;48.179289;3.0964459
"1509";"Tonnerre";"Yonne";FALSE;47.856724;3.973527
"1510";"Vermenton";"Yonne";FALSE;47.664224;3.734992
"1511";"Villeneuve%20l%27Archev%C3%AAque";"Yonne";FALSE;48.233825;3.556888
"1512";"Vermenton";"Yonne";FALSE;47.664224;3.734992
"1513";"Beaucourt";"Territoire%20de%20Belfort";FALSE;47.484145;6.923811
"1514";"Delle%20-Giromagny";"Territoire%20de%20Belfort";FALSE;47.50752;6.997808
"1515";"Belfort%20Centre%20Bartholdi%20%286%20rue%20de%20Londres%29";"Territoire%20de%20Belfort";FALSE;47.5946573;6.9207716
"1516";"Angerville";"Essonne";FALSE;48.311206;1.998318
"1517";"Athis%20Mons";"Essonne";FALSE;48.7092979;2.38479
"1518";"Ballancourt";"Essonne";FALSE;48.524552;2.388169
"1519";"Br%C3%A9tigny%20sur%20Orge";"Essonne";FALSE;48.611486;2.30604
"1520";"Breuillet";"Essonne";FALSE;48.566131;2.17112
"1521";"Corbeil%20Essonnes";"Essonne";FALSE;48.6102599;2.474805
"1522";"Courcouronnes";"Essonne";FALSE;48.617871;2.407091
"1523";"Crosne";"Essonne";FALSE;48.720171;2.461891
"1524";"Dourdan";"Essonne";FALSE;48.529171;2.0152549
"1525";"Etampes";"Essonne";FALSE;48.434416;2.16142
"1526";"Evry";"Essonne";FALSE;48.629828;2.441782
"1527";"Grigny";"Essonne";FALSE;48.656473;2.385166
"1528";"Marolles";"Essonne";FALSE;48.564084;2.299143
"1529";"Massy";"Essonne";FALSE;48.730756;2.27137
"1530";"Bagneux";"Hauts-de-Seine";FALSE;48.796696;2.31002
"1531";"Colombes";"Hauts-de-Seine";FALSE;48.9220615;2.2533313
"1532";"Clichy";"Hauts-de-Seine";FALSE;48.904526;2.304768
"1533";"Clamart";"Hauts-de-Seine";FALSE;48.799815;2.257289
"1534";"Fontenay%20aux%20roses";"Hauts-de-Seine";FALSE;48.789776;2.287181
"1535";"Genevilliers";"Hauts-de-Seine";FALSE;48.925525;2.293275
"1536";"Malakoff";"Hauts-de-Seine";FALSE;48.817275;2.2977599
"1537";"Nanterre";"Hauts-de-Seine";FALSE;48.892423;2.215331
"1538";"Le%20Plessy";"Hauts-de-Seine";FALSE;48.7789997;2.2610114
"1539";"Rueil%20Malmaison";"Hauts-de-Seine";FALSE;48.882767;2.17693
"1540";"St%20Cloud";"Hauts-de-Seine";FALSE;48.847647;2.208115
"1541";"Boulogne-Billancourt";"Hauts-de-Seine";FALSE;48.8396952;2.2399123
"1542";"Aubervilliers";"Seine-Saint-Denis";FALSE;48.912259;2.384049
"1543";"Aulnay%20sous%20Bois";"Seine-Saint-Denis";FALSE;48.9412151;2.4970711
"1544";"Bobigny";"Seine-Saint-Denis";FALSE;48.908612;2.439712
"1545";"Bondy";"Seine-Saint-Denis";FALSE;48.906008;2.481875
"1546";"Clichy%20sous%20Bois";"Seine-Saint-Denis";FALSE;48.910899;2.546147
"1547";"Drancy";"Seine-Saint-Denis";FALSE;48.924298;2.445676
"1548";"Dugny";"Seine-Saint-Denis";FALSE;48.952179;2.416983
"1549";"Epinay%20sur%20Seine";"Seine-Saint-Denis";FALSE;48.955735;2.314739
"1550";"La%20Courneuve";"Seine-Saint-Denis";FALSE;48.9320252;2.3990819
"1551";"Le%20Blanc%20Mesnil";"Seine-Saint-Denis";FALSE;48.941345;2.46436
"1552";"Le%20Bourget";"Seine-Saint-Denis";FALSE;48.936752;2.425377
"1553";"Les%20Lilas";"Seine-Saint-Denis";FALSE;48.881935;2.419452
"1554";"Le%20Pr%C3%A9%20St%20Gervais";"Seine-Saint-Denis";FALSE;48.885063;2.40557
"1555";"Montreuil";"Seine-Saint-Denis";FALSE;48.863812;2.448451
"1556";"Neuilly%20Plaisance";"Seine-Saint-Denis";FALSE;48.865205;2.509142
"1557";"Neuilly%20sur%20Marne";"Seine-Saint-Denis";FALSE;48.856898;2.528373
"1558";"Noisy%20Le%20Grand";"Seine-Saint-Denis";FALSE;48.848579;2.55261
"1559";"Pantin";"Seine-Saint-Denis";FALSE;48.894533;2.40963
"1560";"St%20Denis";"Seine-Saint-Denis";FALSE;48.936181;2.357443
"1561";"St%20Ouen";"Seine-Saint-Denis";FALSE;48.911856;2.333764
"1562";"Sevran";"Seine-Saint-Denis";FALSE;48.93897;2.538716
"1563";"Stains";"Seine-Saint-Denis";FALSE;48.955387;2.384703
"1564";"Tremblay%20en%20France";"Seine-Saint-Denis";FALSE;48.979952;2.557211
"1565";"Vert%20Galant";"Seine-Saint-Denis";FALSE;48.944251;2.566754
"1566";"Villepinte";"Seine-Saint-Denis";FALSE;48.960226;2.542867
"1567";"Bagnolet";"Seine-Saint-Denis";FALSE;48.870364;2.4234589
"1568";"Rosny%20sous%20Bois";"Seine-Saint-Denis";FALSE;48.875661;2.485932
"1569";"Noisy%20le%20Sec";"Seine-Saint-Denis";FALSE;48.892489;2.458625
"1570";"Pavillon%20sous%20Bois";"Seine-Saint-Denis";FALSE;48.902422;2.511768
"1571";"Alfortville";"Val-de-Marne";FALSE;48.80093;2.422317
"1572";"Boissy%20St%20L%C3%A9ger";"Val-de-Marne";FALSE;48.7544029;2.5060809
"1573";"Boneuil";"Val-de-Marne";FALSE;48.774755;2.487765
"1574";"Champigny%20sur%20Marne";"Val-de-Marne";FALSE;48.817049;2.515556
"1575";"Choisy%20le%20Roi";"Val-de-Marne";FALSE;48.762541;2.4088759
"1576";"Cr%C3%A9teil";"Val-de-Marne";FALSE;48.790367;2.455572
"1577";"Fontenay%20sous%20Bois";"Val-de-Marne";FALSE;48.851542;2.475907
"1578";"Fresnes";"Val-de-Marne";FALSE;48.757205;2.326243
"1579";"Ivry%20sur%20Seine";"Val-de-Marne";FALSE;48.813055;2.38822
"1580";"Le%20Kremlin%20Bic%C3%AAtre";"Val-de-Marne";FALSE;48.810287;2.362244
"1581";"Limeil%20Brevannes";"Val-de-Marne";FALSE;48.7461849;2.492154
"1582";"Maison%20Alfort";"Val-de-Marne";FALSE;48.801818;2.426704
"1583";"Orly";"Val-de-Marne";FALSE;48.745193;2.401373
"1584";"Sucy%20en%20Brie";"Val-de-Marne";FALSE;48.7708784;2.5221629
"1585";"Valenton";"Val-de-Marne";FALSE;48.749736;2.459965
"1586";"Villecresnes";"Val-de-Marne";FALSE;48.720478;2.5310419
"1587";"VIillejuif";"Val-de-Marne";FALSE;48.792716;2.359279
"1588";"Villeneuve%20le%20Roi";"Val-de-Marne";FALSE;48.732026;2.407557
"1589";"Villeneuve%20St%20Georges";"Val-de-Marne";FALSE;48.7305769;2.447488
"1590";"Villiers-sur-Marne";"Val-de-Marne";FALSE;48.825787;2.546798
"1591";"Vitry%20sur%20Seine";"Val-de-Marne";FALSE;48.792001;2.39851
"1592";"Argenteuil";"Val-d%27Oise";FALSE;48.9472096;2.2466847
"1593";"Bouffemont";"Val-d%27Oise";FALSE;49.043675;2.307852
"1594";"Garges";"Val-d%27Oise";FALSE;48.9768;2.390961
"1595";"Goussainville";"Val-d%27Oise";FALSE;49.030467;2.471236
"1596";"Magny%20en%20Vexin";"Val-d%27Oise";FALSE;49.1517259;1.787148
"1597";"Marines";"Val-d%27Oise";FALSE;49.1452219;1.982861
"1598";"St%20Brice%20s%2Fs%20For%C3%AAt";"Val-d%27Oise";FALSE;48.999429;2.356007
"1599";"Osny";"Val-d%27Oise";FALSE;49.0700239;2.062715
"1600";"Persan";"Val-d%27Oise";FALSE;49.152233;2.269571
"1601";"Sarcelles";"Val-d%27Oise";FALSE;48.997347;2.378493
"1602";"Soisy%20s%2Fs%20Montmorency";"Val-d%27Oise";FALSE;48.988506;2.299731
"1603";"Taverny";"Val-d%27Oise";FALSE;49.027441;2.223507
